date,close
2000-01-04,19002.8594
2000-01-05,18542.5508
2000-01-06,18168.2695
2000-01-07,18193.4102
2000-01-11,18850.9199
2000-01-12,18677.4199
2000-01-13,18833.2891
2000-01-14,18956.5508
2000-01-17,19437.2305
2000-01-18,19196.5703
2000-01-19,18897.7500
2000-01-20,19008.0098
2000-01-21,18878.0898
2000-01-24,19056.7109
2000-01-25,18895.5293
2000-01-26,19111.1895
2000-01-27,19209.7207
2000-01-28,19434.7793
2000-01-31,19539.6992
2000-02-01,19423.3809
2000-02-02,19578.9102
2000-02-03,19786.4199
2000-02-04,19763.1309
2000-02-07,19945.4297
2000-02-08,19868.8809
2000-02-09,20007.7695
2000-02-10,19710.0195
2000-02-14,19556.4609
2000-02-15,19367.8301
2000-02-16,19599.1797
2000-02-17,19791.4004
2000-02-18,19789.0293
2000-02-21,19543.7500
2000-02-22,19390.5801
2000-02-23,19519.5508
2000-02-24,19571.4395
2000-02-25,19817.8809
2000-02-28,19720.0996
2000-02-29,19959.5195
2000-03-01,20081.6699
2000-03-02,20065.1094
2000-03-03,19927.5391
2000-03-06,19796.3496
2000-03-07,19944.2402
2000-03-08,19766.8008
2000-03-09,19662.3301
2000-03-10,19750.4004
2000-03-13,19189.9297
2000-03-14,19141.8398
2000-03-15,19078.5996
2000-03-16,19253.2305
2000-03-17,19566.3203
2000-03-21,19602.3594
2000-03-22,19733.5898
2000-03-23,19704.5996
2000-03-24,19958.0801
2000-03-27,20281.0293
2000-03-28,20374.3398
2000-03-29,20706.6504
2000-03-30,20441.5000
2000-03-31,20337.3203
2000-04-03,20726.9902
2000-04-04,20594.9297
2000-04-05,20462.7695
2000-04-06,20223.6094
2000-04-07,20252.8105
2000-04-10,20619.0605
2000-04-11,20522.5195
2000-04-12,20833.2109
2000-04-13,20526.4199
2000-04-14,20434.6797
2000-04-17,19008.6406
2000-04-18,18969.5195
2000-04-19,19086.6191
2000-04-20,18959.3203
2000-04-21,18252.6797
2000-04-24,18480.1504
2000-04-25,18272.3301
2000-04-26,18134.3105
2000-04-27,18019.1699
2000-04-28,17973.6992
2000-05-01,18403.0801
2000-05-02,18439.3594
2000-05-08,18199.9609
2000-05-09,17844.5391
2000-05-10,17701.4707
2000-05-11,16882.4609
2000-05-12,17357.8594
2000-05-15,17313.6895
2000-05-16,17551.2500
2000-05-17,17404.0293
2000-05-18,17031.6309
2000-05-19,16858.1699
2000-05-22,16386.0098
2000-05-23,16318.7305
2000-05-24,16044.4404
2000-05-25,16247.8203
2000-05-26,16008.1396
2000-05-29,16245.4404
2000-05-30,16228.9004
2000-05-31,16332.4502
2000-06-01,16694.3008
2000-06-02,16800.0605
2000-06-05,17201.7891
2000-06-06,17170.0801
2000-06-07,17144.9609
2000-06-08,17004.3398
2000-06-09,16861.9102
2000-06-12,16980.6094
2000-06-13,16914.9492
2000-06-14,16654.4199
2000-06-15,16338.7002
2000-06-16,16318.3096
2000-06-19,16591.3496
2000-06-20,16907.5508
2000-06-21,17210.0801
2000-06-22,17106.0098
2000-06-23,16963.2109
2000-06-26,16925.4004
2000-06-27,17279.0605
2000-06-28,17370.1699
2000-06-29,17475.9004
2000-06-30,17411.0508
2000-07-03,17614.6602
2000-07-04,17470.1504
2000-07-05,17435.9492
2000-07-06,17282.3691
2000-07-07,17398.2402
2000-07-10,17572.6797
2000-07-11,17504.3594
2000-07-12,17342.1309
2000-07-13,17036.9004
2000-07-14,17142.9004
2000-07-17,17286.8301
2000-07-18,16945.0703
2000-07-19,16983.5703
2000-07-21,16811.4902
2000-07-24,16547.1191
2000-07-25,16573.5898
2000-07-26,16502.6094
2000-07-27,16182.0098
2000-07-28,15838.5703
2000-07-31,15727.4902
2000-08-01,16099.6699
2000-08-02,16206.1904
2000-08-03,15814.4404
2000-08-04,15667.3604
2000-08-07,16002.7100
2000-08-08,15820.1104
2000-08-09,16034.5996
2000-08-10,15975.6504
2000-08-11,16117.5000
2000-08-14,16153.9102
2000-08-15,16298.2900
2000-08-16,16356.0303
2000-08-17,16161.0303
2000-08-18,16280.4902
2000-08-21,16040.1797
2000-08-22,16454.7402
2000-08-23,16436.6504
2000-08-24,16670.8203
2000-08-25,16911.3301
2000-08-28,17181.1191
2000-08-29,17141.7500
2000-08-30,16901.6699
2000-08-31,16861.2598
2000-09-01,16739.7793
2000-09-04,16688.2109
2000-09-05,16452.2695
2000-09-06,16399.8691
2000-09-07,16300.4600
2000-09-08,16501.5508
2000-09-11,16130.9004
2000-09-12,16040.2305
2000-09-13,16190.5195
2000-09-14,16213.2803
2000-09-18,16061.1602
2000-09-19,16124.1904
2000-09-20,16458.3105
2000-09-21,16311.0498
2000-09-22,15818.2500
2000-09-25,15992.9004
2000-09-26,15928.6201
2000-09-27,15639.9502
2000-09-28,15626.9600
2000-09-29,15747.2598
2000-10-02,15902.5098
2000-10-03,15912.0898
2000-10-04,16149.0801
2000-10-05,16099.2598
2000-10-06,15994.2402
2000-10-10,15827.7197
2000-10-11,15513.5703
2000-10-12,15550.6396
2000-10-13,15330.3096
2000-10-16,15512.3203
2000-10-17,15340.2197
2000-10-18,14872.4805
2000-10-19,14811.0801
2000-10-20,15198.7305
2000-10-23,15097.9600
2000-10-24,15148.1904
2000-10-25,14840.4697
2000-10-26,14858.4297
2000-10-27,14582.2002
2000-10-30,14464.5596
2000-10-31,14539.5996
2000-11-01,14872.3896
2000-11-02,14837.7803
2000-11-06,15371.4404
2000-11-07,15340.3301
2000-11-08,15399.6396
2000-11-09,15060.0498
2000-11-10,14988.5400
2000-11-13,14664.6396
2000-11-14,14660.0400
2000-11-15,14799.1396
2000-11-16,14587.0303
2000-11-17,14544.2998
2000-11-20,14531.6504
2000-11-21,14408.4600
2000-11-22,14301.3096
2000-11-24,14315.3496
2000-11-27,14720.3896
2000-11-28,14658.8701
2000-11-29,14507.6396
2000-11-30,14648.5098
2000-12-01,14835.3301
2000-12-04,14954.7305
2000-12-05,14695.0498
2000-12-06,14889.3701
2000-12-07,14720.3604
2000-12-08,14696.5098
2000-12-11,15015.7002
2000-12-12,15114.6396
2000-12-13,15168.6797
2000-12-14,14927.1904
2000-12-15,14552.2900
2000-12-18,14483.9004
2000-12-19,14132.3701
2000-12-20,13914.4297
2000-12-21,13423.2100
2000-12-22,13427.0801
2000-12-25,13931.6104
2000-12-26,14007.8496
2000-12-27,13981.4902
2000-12-28,13946.9600
2000-12-29,13785.6904
2001-01-04,13691.4902
2001-01-05,13867.6104
2001-01-09,13610.5098
2001-01-10,13432.6504
2001-01-11,13201.0703
2001-01-12,13347.7402
2001-01-15,13506.2305
2001-01-16,13584.4502
2001-01-17,13667.6299
2001-01-18,13873.9199
2001-01-19,13989.1201
2001-01-22,14032.4199
2001-01-23,13984.6602
2001-01-24,13893.5801
2001-01-25,13803.3799
2001-01-26,13696.0596
2001-01-29,13845.2803
2001-01-30,13826.6504
2001-01-31,13843.5498
2001-02-01,13779.5498
2001-02-02,13703.6299
2001-02-05,13385.5195
2001-02-06,13269.8496
2001-02-07,13366.0098
2001-02-08,13138.2305
2001-02-09,13422.8301
2001-02-13,13274.7002
2001-02-14,13284.0596
2001-02-15,13327.3896
2001-02-16,13175.4902
2001-02-19,13119.5898
2001-02-20,13248.3604
2001-02-21,13100.0801
2001-02-22,13073.3604
2001-02-23,13246.0000
2001-02-26,13201.1396
2001-02-27,13059.8604
2001-02-28,12883.5400
2001-03-01,12681.6602
2001-03-02,12261.7998
2001-03-05,12322.1602
2001-03-06,12687.7402
2001-03-07,12723.8896
2001-03-08,12650.5596
2001-03-09,12627.9004
2001-03-12,12171.3701
2001-03-13,11819.7002
2001-03-14,11843.5898
2001-03-15,12152.8301
2001-03-16,12232.9805
2001-03-19,12190.9697
2001-03-21,13103.9404
2001-03-22,12853.9697
2001-03-23,13214.5400
2001-03-26,13862.3096
2001-03-27,13638.3301
2001-03-28,13765.5098
2001-03-29,13072.3604
2001-03-30,12999.7002
2001-04-02,12937.8604
2001-04-03,13124.4697
2001-04-04,13242.7803
2001-04-05,13381.3799
2001-04-06,13383.7598
2001-04-09,12841.7598
2001-04-10,12620.2695
2001-04-11,13174.9297
2001-04-12,13352.4404
2001-04-13,13385.7197
2001-04-16,13254.8896
2001-04-17,13067.0898
2001-04-18,13641.7900
2001-04-19,13868.2803
2001-04-20,13765.6699
2001-04-23,13715.5996
2001-04-24,13743.1797
2001-04-25,13827.5000
2001-04-26,13973.0303
2001-04-27,13934.3203
2001-05-01,14425.4600
2001-05-02,14421.6396
2001-05-07,14529.4102
2001-05-08,14289.0498
2001-05-09,14084.8496
2001-05-10,14017.7900
2001-05-11,14043.9199
2001-05-14,13873.0195
2001-05-15,14054.0303
2001-05-16,13694.2695
2001-05-17,13910.6699
2001-05-18,13877.7695
2001-05-21,14176.8301
2001-05-22,14091.1904
2001-05-23,14067.7002
2001-05-24,13895.7900
2001-05-25,13765.9199
2001-05-28,13737.7695
2001-05-29,13773.8896
2001-05-30,13493.3496
2001-05-31,13262.1396
2001-06-01,13261.8398
2001-06-04,13312.3496
2001-06-05,13182.0000
2001-06-06,13174.8398
2001-06-07,13277.5098
2001-06-08,13430.2197
2001-06-11,13226.4805
2001-06-12,12840.0996
2001-06-13,12823.4502
2001-06-14,12846.6602
2001-06-15,12790.3799
2001-06-18,12697.7900
2001-06-19,12574.2598
2001-06-20,12674.6396
2001-06-21,12962.4297
2001-06-22,13044.6104
2001-06-25,12896.4697
2001-06-26,12978.8203
2001-06-27,12828.9805
2001-06-28,12679.8799
2001-06-29,12969.0498
2001-07-02,12751.1797
2001-07-03,12817.4102
2001-07-04,12629.0195
2001-07-05,12607.2998
2001-07-06,12306.0801
2001-07-09,12239.6797
2001-07-10,12300.4102
2001-07-11,12005.1104
2001-07-12,12407.9502
2001-07-13,12355.1504
2001-07-16,12343.3701
2001-07-17,12128.5703
2001-07-18,11892.5801
2001-07-19,11908.3896
2001-07-23,11609.6299
2001-07-24,11883.2500
2001-07-25,11891.6104
2001-07-26,11858.5596
2001-07-27,11798.0801
2001-07-30,11579.2695
2001-07-31,11860.7695
2001-08-01,11959.3301
2001-08-02,12399.2002
2001-08-03,12241.9697
2001-08-06,12243.9004
2001-08-07,12319.4600
2001-08-08,12163.6699
2001-08-09,11754.5596
2001-08-10,11735.0596
2001-08-13,11477.5596
2001-08-14,11917.9502
2001-08-15,11755.4004
2001-08-16,11515.0195
2001-08-17,11445.5400
2001-08-20,11257.9404
2001-08-21,11280.3799
2001-08-22,11396.4297
2001-08-23,11126.9199
2001-08-24,11166.3096
2001-08-27,11275.0098
2001-08-28,11189.4004
2001-08-29,10979.7598
2001-08-30,10938.4502
2001-08-31,10713.5098
2001-09-03,10409.6797
2001-09-04,10772.5898
2001-09-05,10598.7900
2001-09-06,10650.3301
2001-09-07,10516.7900
2001-09-10,10195.6904
2001-09-11,10292.9502
2001-09-12,9610.0996
2001-09-13,9613.0898
2001-09-14,10008.8896
2001-09-17,9504.4102
2001-09-18,9679.8799
2001-09-19,9939.5996
2001-09-20,9785.1602
2001-09-21,9554.9902
2001-09-25,9693.9697
2001-09-26,9641.7002
2001-09-27,9696.5303
2001-09-28,9774.6797
2001-10-01,9972.2803
2001-10-02,10136.5596
2001-10-03,9924.2305
2001-10-04,10205.4805
2001-10-05,10205.8701
2001-10-09,10011.7695
2001-10-10,9964.8799
2001-10-11,10347.0098
2001-10-12,10632.3496
2001-10-15,10452.5400
2001-10-16,10637.8203
2001-10-17,10755.4502
2001-10-18,10474.8496
2001-10-19,10538.7900
2001-10-22,10565.4102
2001-10-23,10861.5596
2001-10-24,10802.1504
2001-10-25,10880.0996
2001-10-26,10795.1602
2001-10-29,10612.3096
2001-10-30,10512.8203
2001-10-31,10366.3398
2001-11-01,10347.2803
2001-11-02,10383.7803
2001-11-05,10447.5400
2001-11-06,10633.7197
2001-11-07,10284.9805
2001-11-08,10431.7900
2001-11-09,10215.7100
2001-11-12,10081.5596
2001-11-13,10030.5596
2001-11-14,10086.7598
2001-11-15,10489.8896
2001-11-16,10649.0898
2001-11-19,10727.9404
2001-11-20,10575.6201
2001-11-21,10661.0801
2001-11-22,10696.8203
2001-11-26,11064.2998
2001-11-27,10948.8896
2001-11-28,10624.8096
2001-11-29,10655.9600
2001-11-30,10697.4404
2001-12-03,10370.6201
2001-12-04,10452.6504
2001-12-05,10713.8096
2001-12-06,10857.2803
2001-12-07,10796.8896
2001-12-10,10571.0098
2001-12-11,10473.9102
2001-12-12,10801.5195
2001-12-13,10433.4502
2001-12-14,10511.6504
2001-12-17,10323.3496
2001-12-18,10432.1699
2001-12-19,10471.9297
2001-12-20,10434.5195
2001-12-21,10335.4502
2001-12-25,10254.8096
2001-12-26,10192.5703
2001-12-27,10457.6104
2001-12-28,10542.6201
2002-01-04,10871.4902
2002-01-07,10942.3604
2002-01-08,10695.5996
2002-01-09,10663.9805
2002-01-10,10538.4297
2002-01-11,10441.5898
2002-01-15,10208.0498
2002-01-16,10177.5801
2002-01-17,10128.1797
2002-01-18,10293.3203
2002-01-21,10280.2500
2002-01-22,10050.9805
2002-01-23,10040.9102
2002-01-24,10074.0498
2002-01-25,10144.1396
2002-01-28,10220.8496
2002-01-29,10026.0303
2002-01-30,9919.4805
2002-01-31,9997.7998
2002-02-01,9791.4297
2002-02-04,9631.9297
2002-02-05,9475.5996
2002-02-06,9420.8496
2002-02-07,9583.2695
2002-02-08,9686.0596
2002-02-12,9877.9902
2002-02-13,9968.3496
2002-02-14,10081.0898
2002-02-15,10048.0996
2002-02-18,10093.2500
2002-02-19,9847.1602
2002-02-20,9834.1299
2002-02-21,10295.4199
2002-02-22,10356.7803
2002-02-25,10296.4697
2002-02-26,10202.6299
2002-02-27,10573.0898
2002-02-28,10587.8301
2002-03-01,10812.0000
2002-03-04,11450.2197
2002-03-05,11348.4502
2002-03-06,11358.5303
2002-03-07,11648.3398
2002-03-08,11885.7900
2002-03-11,11919.2998
2002-03-12,11607.3301
2002-03-13,11415.3096
2002-03-14,11568.8203
2002-03-15,11648.0098
2002-03-18,11498.3799
2002-03-19,11792.8203
2002-03-20,11526.7803
2002-03-22,11345.0801
2002-03-25,11261.0898
2002-03-26,11207.9199
2002-03-27,11323.6797
2002-03-28,11333.1104
2002-03-29,11024.9404
2002-04-01,11028.7002
2002-04-02,11204.4902
2002-04-03,11400.7100
2002-04-04,11379.2002
2002-04-05,11335.4902
2002-04-08,11352.8896
2002-04-09,11114.4902
2002-04-10,11218.5801
2002-04-11,11147.2695
2002-04-12,10962.9805
2002-04-15,11137.2998
2002-04-16,11346.6602
2002-04-17,11543.7100
2002-04-18,11575.7305
2002-04-19,11512.0098
2002-04-22,11721.6396
2002-04-23,11736.8301
2002-04-24,11672.8799
2002-04-25,11648.7197
2002-04-26,11541.3896
2002-04-30,11492.5400
2002-05-01,11552.7900
2002-05-02,11551.0098
2002-05-07,11316.0400
2002-05-08,11520.7500
2002-05-09,11633.2998
2002-05-10,11531.1104
2002-05-13,11336.9502
2002-05-14,11356.1904
2002-05-15,11642.9697
2002-05-16,11738.6904
2002-05-17,11847.3203
2002-05-20,11856.5400
2002-05-21,11801.1602
2002-05-22,11961.9805
2002-05-23,11979.8496
2002-05-24,11976.2803
2002-05-27,11976.3496
2002-05-28,11936.0801
2002-05-29,11853.0000
2002-05-30,11770.0303
2002-05-31,11763.7002
2002-06-03,11901.3896
2002-06-04,11653.0703
2002-06-05,11663.8701
2002-06-06,11574.9404
2002-06-07,11438.5303
2002-06-10,11370.2100
2002-06-11,11449.4404
2002-06-12,11327.0596
2002-06-13,11144.8398
2002-06-14,10920.6299
2002-06-17,10664.1104
2002-06-18,10839.9297
2002-06-19,10476.1797
2002-06-20,10612.9805
2002-06-21,10354.3496
2002-06-24,10471.3203
2002-06-25,10496.6699
2002-06-26,10074.5596
2002-06-27,10261.5996
2002-06-28,10621.8398
2002-07-01,10595.4404
2002-07-02,10622.3203
2002-07-03,10812.2998
2002-07-04,10632.8096
2002-07-05,10826.0898
2002-07-08,10769.2002
2002-07-09,10960.2500
2002-07-10,10752.6602
2002-07-11,10485.7402
2002-07-12,10601.4502
2002-07-15,10375.1504
2002-07-16,10250.4199
2002-07-17,10296.0195
2002-07-18,10498.2598
2002-07-19,10202.3604
2002-07-22,10189.0098
2002-07-23,10215.6299
2002-07-24,9947.7197
2002-07-25,9929.9102
2002-07-26,9591.0303
2002-07-29,9666.6699
2002-07-30,10003.7197
2002-07-31,9877.9404
2002-08-01,9793.5098
2002-08-02,9709.6602
2002-08-05,9704.9297
2002-08-06,9501.0195
2002-08-07,9834.4004
2002-08-08,9799.5703
2002-08-09,9999.7900
2002-08-12,9747.8203
2002-08-13,9688.6104
2002-08-14,9638.4102
2002-08-15,9795.5703
2002-08-16,9788.1299
2002-08-19,9599.0996
2002-08-20,9620.6904
2002-08-21,9642.6104
2002-08-22,9814.0195
2002-08-23,9867.4502
2002-08-26,10067.7402
2002-08-27,9907.2998
2002-08-28,9766.7305
2002-08-29,9620.1396
2002-08-30,9619.2998
2002-09-02,9521.6299
2002-09-03,9217.0400
2002-09-04,9075.0898
2002-09-05,9222.1201
2002-09-06,9129.0703
2002-09-09,9306.2598
2002-09-10,9309.3096
2002-09-11,9400.0801
2002-09-12,9415.2305
2002-09-13,9241.9297
2002-09-17,9543.9404
2002-09-18,9472.0596
2002-09-19,9669.6201
2002-09-20,9481.0801
2002-09-24,9321.6396
2002-09-25,9165.4102
2002-09-26,9320.9199
2002-09-27,9530.4404
2002-09-30,9383.2900
2002-10-01,9162.2598
2002-10-02,9049.3301
2002-10-03,8936.4297
2002-10-04,9027.5498
2002-10-07,8688.0000
2002-10-08,8708.9004
2002-10-09,8539.3398
2002-10-10,8439.6201
2002-10-11,8529.6104
2002-10-15,8836.7305
2002-10-16,8884.8701
2002-10-17,8959.8799
2002-10-18,9086.1299
2002-10-21,8978.4102
2002-10-22,8689.3896
2002-10-23,8714.5195
2002-10-24,8614.2998
2002-10-25,8726.2900
2002-10-28,8757.5098
2002-10-29,8708.7598
2002-10-30,8756.5898
2002-10-31,8640.4805
2002-11-01,8685.7197
2002-11-05,8937.5596
2002-11-06,8953.2900
2002-11-07,8920.4404
2002-11-08,8690.7695
2002-11-11,8460.3701
2002-11-12,8464.7695
2002-11-13,8438.5195
2002-11-14,8303.3896
2002-11-15,8503.5898
2002-11-18,8346.0098
2002-11-19,8365.2598
2002-11-20,8459.6201
2002-11-21,8668.0596
2002-11-22,8772.5596
2002-11-25,8944.4404
2002-11-26,8823.9902
2002-11-27,8875.8799
2002-11-28,9176.7803
2002-11-29,9215.5596
2002-12-02,9174.4697
2002-12-03,9205.1104
2002-12-04,9006.7305
2002-12-05,8917.5703
2002-12-06,8863.2598
2002-12-09,8828.0498
2002-12-10,8804.5195
2002-12-11,8727.6602
2002-12-12,8708.6904
2002-12-13,8516.0703
2002-12-16,8450.9404
2002-12-17,8510.7305
2002-12-18,8344.0098
2002-12-19,8387.5703
2002-12-20,8406.8799
2002-12-24,8512.3701
2002-12-25,8501.1396
2002-12-26,8700.0996
2002-12-27,8714.0498
2002-12-30,8578.9502
2003-01-06,8713.3301
2003-01-07,8656.5000
2003-01-08,8517.7998
2003-01-09,8497.9297
2003-01-10,8470.4502
2003-01-14,8553.0596
2003-01-15,8611.7500
2003-01-16,8609.1699
2003-01-17,8690.2500
2003-01-20,8558.8203
2003-01-21,8708.5801
2003-01-22,8611.0400
2003-01-23,8790.9199
2003-01-24,8731.6504
2003-01-27,8609.4697
2003-01-28,8525.3896
2003-01-29,8331.0801
2003-01-30,8316.8096
2003-01-31,8339.9404
2003-02-03,8500.7900
2003-02-04,8484.9004
2003-02-05,8549.8496
2003-02-06,8484.1904
2003-02-07,8448.1602
2003-02-10,8484.9297
2003-02-12,8664.1699
2003-02-13,8599.6602
2003-02-14,8701.9199
2003-02-17,8771.8896
2003-02-18,8692.9697
2003-02-19,8678.4404
2003-02-20,8650.9199
2003-02-21,8513.5400
2003-02-24,8564.9502
2003-02-25,8360.4902
2003-02-26,8356.8096
2003-02-27,8359.3799
2003-02-28,8363.0400
2003-03-03,8490.4004
2003-03-04,8480.2197
2003-03-05,8472.6201
2003-03-06,8369.1504
2003-03-07,8144.1201
2003-03-10,8042.2598
2003-03-11,7862.4302
2003-03-12,7943.0400
2003-03-13,7868.5601
2003-03-14,8002.6899
2003-03-17,7871.6401
2003-03-18,7954.4600
2003-03-19,8051.0400
2003-03-20,8195.0498
2003-03-24,8435.0703
2003-03-25,8238.7598
2003-03-26,8351.9199
2003-03-27,8368.6699
2003-03-28,8280.1602
2003-03-31,7972.7100
2003-04-01,7986.7202
2003-04-02,8069.8501
2003-04-03,8017.7500
2003-04-04,8074.1201
2003-04-07,8249.9805
2003-04-08,8131.4102
2003-04-09,8057.6099
2003-04-10,7980.1201
2003-04-11,7816.4902
2003-04-14,7752.1001
2003-04-15,7838.8301
2003-04-16,7879.4902
2003-04-17,7821.8999
2003-04-18,7874.5098
2003-04-21,7969.0801
2003-04-22,7790.4600
2003-04-23,7793.3799
2003-04-24,7854.5698
2003-04-25,7699.5000
2003-04-28,7607.8799
2003-04-30,7831.4199
2003-05-01,7863.2900
2003-05-02,7907.1899
2003-05-06,8083.5601
2003-05-07,8109.7700
2003-05-08,8031.5498
2003-05-09,8152.1602
2003-05-12,8221.1201
2003-05-13,8190.2598
2003-05-14,8244.9102
2003-05-15,8123.3999
2003-05-16,8117.2900
2003-05-19,8039.1299
2003-05-20,8059.4800
2003-05-21,8018.5098
2003-05-22,8051.6602
2003-05-23,8184.7598
2003-05-26,8227.3203
2003-05-27,8120.2402
2003-05-28,8234.1797
2003-05-29,8375.3604
2003-05-30,8424.5098
2003-06-02,8547.1699
2003-06-03,8564.4902
2003-06-04,8557.8604
2003-06-05,8657.2305
2003-06-06,8785.8701
2003-06-09,8822.7305
2003-06-10,8789.0898
2003-06-11,8890.2998
2003-06-12,8918.5996
2003-06-13,8980.6396
2003-06-16,8839.8301
2003-06-17,9033.0000
2003-06-18,9092.9697
2003-06-19,9110.5098
2003-06-20,9120.3896
2003-06-23,9137.1396
2003-06-24,8919.2598
2003-06-25,8932.2598
2003-06-26,8923.4102
2003-06-27,9104.0596
2003-06-30,9083.1104
2003-07-01,9278.4902
2003-07-02,9592.2402
2003-07-03,9624.7998
2003-07-04,9547.7305
2003-07-07,9795.1602
2003-07-08,9898.7197
2003-07-09,9990.9502
2003-07-10,9955.6201
2003-07-11,9635.3496
2003-07-14,9755.6299
2003-07-15,9751.0000
2003-07-16,9735.9697
2003-07-17,9498.8604
2003-07-18,9527.7305
2003-07-22,9485.9697
2003-07-23,9615.3398
2003-07-24,9671.0000
2003-07-25,9648.0098
2003-07-28,9839.9102
2003-07-29,9834.3096
2003-07-30,9632.6602
2003-07-31,9563.2100
2003-08-01,9611.6699
2003-08-04,9452.7900
2003-08-05,9382.5801
2003-08-06,9323.9102
2003-08-07,9265.5596
2003-08-08,9327.5303
2003-08-11,9487.7998
2003-08-12,9564.8096
2003-08-13,9752.7500
2003-08-14,9913.4697
2003-08-15,9863.4697
2003-08-18,10032.9697
2003-08-19,10174.0996
2003-08-20,10292.0596
2003-08-21,10362.6904
2003-08-22,10281.1699
2003-08-25,10276.6396
2003-08-26,10332.5703
2003-08-27,10308.9902
2003-08-28,10225.2197
2003-08-29,10343.5498
2003-09-01,10670.1797
2003-09-02,10690.0801
2003-09-03,10715.6904
2003-09-04,10646.9502
2003-09-05,10650.7695
2003-09-08,10683.7598
2003-09-09,10922.0400
2003-09-10,10856.3203
2003-09-11,10546.3301
2003-09-12,10712.8096
2003-09-16,10887.0303
2003-09-17,10990.1104
2003-09-18,11033.3203
2003-09-19,10938.4199
2003-09-22,10475.0996
2003-09-24,10502.2900
2003-09-25,10310.0400
2003-09-26,10318.4404
2003-09-29,10229.5703
2003-09-30,10219.0498
2003-10-01,10361.2402
2003-10-02,10593.5303
2003-10-03,10709.2900
2003-10-06,10740.1396
2003-10-07,10820.3301
2003-10-08,10542.2002
2003-10-09,10531.4404
2003-10-10,10786.0400
2003-10-14,10966.4297
2003-10-15,10899.9502
2003-10-16,11025.1504
2003-10-17,11037.8896
2003-10-20,11161.7100
2003-10-21,11031.5195
2003-10-22,10889.6201
2003-10-23,10335.1602
2003-10-24,10335.7002
2003-10-27,10454.1201
2003-10-28,10561.0098
2003-10-29,10739.2197
2003-10-30,10695.5596
2003-10-31,10559.5898
2003-11-04,10847.9697
2003-11-05,10837.5400
2003-11-06,10552.2998
2003-11-07,10628.9805
2003-11-10,10504.5400
2003-11-11,10207.0400
2003-11-12,10226.2197
2003-11-13,10337.6699
2003-11-14,10167.0596
2003-11-17,9786.8301
2003-11-18,9897.0498
2003-11-19,9614.5996
2003-11-20,9865.7002
2003-11-21,9852.8301
2003-11-25,9960.2002
2003-11-26,10144.8301
2003-11-27,10163.3799
2003-11-28,10100.5703
2003-12-01,10403.2695
2003-12-02,10410.1504
2003-12-03,10326.3896
2003-12-04,10429.9902
2003-12-05,10373.4600
2003-12-08,10045.3398
2003-12-09,10124.2803
2003-12-10,9910.5596
2003-12-11,10075.1396
2003-12-12,10169.6602
2003-12-15,10490.7695
2003-12-16,10271.5996
2003-12-17,10092.6396
2003-12-18,10104.0000
2003-12-19,10284.5400
2003-12-22,10372.5098
2003-12-24,10371.2695
2003-12-25,10365.3496
2003-12-26,10417.4102
2003-12-29,10500.6201
2003-12-30,10676.6396
2004-01-05,10825.1699
2004-01-06,10813.9902
2004-01-07,10757.8203
2004-01-08,10837.6504
2004-01-09,10965.0498
2004-01-13,10849.6797
2004-01-14,10863.0000
2004-01-15,10665.1504
2004-01-16,10857.2002
2004-01-19,11036.3301
2004-01-20,11103.0996
2004-01-21,11002.3896
2004-01-22,11000.7002
2004-01-23,11069.0098
2004-01-26,10972.5996
2004-01-27,10928.0303
2004-01-28,10852.4697
2004-01-29,10779.4404
2004-01-30,10783.6104
2004-02-02,10776.7305
2004-02-03,10641.9199
2004-02-04,10447.2500
2004-02-05,10464.5996
2004-02-06,10460.9199
2004-02-09,10402.6104
2004-02-10,10365.4004
2004-02-12,10459.2598
2004-02-13,10557.6904
2004-02-16,10548.7197
2004-02-17,10701.1299
2004-02-18,10676.8096
2004-02-19,10753.7998
2004-02-20,10720.6904
2004-02-23,10868.9600
2004-02-24,10644.1299
2004-02-25,10658.7305
2004-02-26,10815.2900
2004-02-27,11041.9199
2004-03-01,11271.1201
2004-03-02,11361.5098
2004-03-03,11351.9199
2004-03-04,11401.7900
2004-03-05,11537.2900
2004-03-08,11502.8604
2004-03-09,11532.0400
2004-03-10,11433.2402
2004-03-11,11297.0400
2004-03-12,11162.7500
2004-03-15,11317.9004
2004-03-16,11242.2900
2004-03-17,11436.8604
2004-03-18,11484.2803
2004-03-19,11418.5098
2004-03-22,11318.5098
2004-03-23,11281.0898
2004-03-24,11364.9902
2004-03-25,11530.9102
2004-03-26,11770.6504
2004-03-29,11718.2402
2004-03-30,11693.6797
2004-03-31,11715.3896
2004-04-01,11683.4199
2004-04-02,11815.9502
2004-04-05,11958.3203
2004-04-06,12079.7002
2004-04-07,12019.6201
2004-04-08,12092.5898
2004-04-09,11897.5098
2004-04-12,12042.7002
2004-04-13,12127.8203
2004-04-14,12098.1797
2004-04-15,11800.4004
2004-04-16,11824.5596
2004-04-19,11764.2100
2004-04-20,11952.2598
2004-04-21,11944.2998
2004-04-22,11980.0996
2004-04-23,12120.6602
2004-04-26,12163.8896
2004-04-27,12044.8799
2004-04-28,12004.2900
2004-04-30,11761.7900
2004-05-06,11571.3398
2004-05-07,11438.8203
2004-05-10,10884.7002
2004-05-11,10907.1797
2004-05-12,11153.5801
2004-05-13,10825.0996
2004-05-14,10849.6299
2004-05-17,10505.0498
2004-05-18,10711.0898
2004-05-19,10967.7402
2004-05-20,10862.0400
2004-05-21,11070.2500
2004-05-24,11101.6396
2004-05-25,10962.9297
2004-05-26,11152.0898
2004-05-27,11166.0303
2004-05-28,11309.5703
2004-05-31,11236.3701
2004-06-01,11296.7598
2004-06-02,11242.3398
2004-06-03,11027.0498
2004-06-04,11128.0498
2004-06-07,11439.9199
2004-06-08,11521.9297
2004-06-09,11449.7402
2004-06-10,11575.9697
2004-06-11,11526.8203
2004-06-14,11491.6602
2004-06-15,11387.7002
2004-06-16,11641.7197
2004-06-17,11607.9004
2004-06-18,11382.0801
2004-06-21,11600.1602
2004-06-22,11581.2695
2004-06-23,11580.5596
2004-06-24,11744.1504
2004-06-25,11780.4004
2004-06-28,11884.0596
2004-06-29,11860.8096
2004-06-30,11858.8701
2004-07-01,11896.0098
2004-07-02,11721.4902
2004-07-05,11541.7100
2004-07-06,11475.2695
2004-07-07,11384.8604
2004-07-08,11322.2305
2004-07-09,11423.5303
2004-07-12,11582.2803
2004-07-13,11608.6201
2004-07-14,11356.6504
2004-07-15,11409.1396
2004-07-16,11436.0000
2004-07-20,11258.3701
2004-07-21,11433.8604
2004-07-22,11285.0400
2004-07-23,11187.3301
2004-07-26,11159.5498
2004-07-27,11031.5400
2004-07-28,11204.3701
2004-07-29,11116.8398
2004-07-30,11325.7803
2004-08-02,11222.2402
2004-08-03,11140.5703
2004-08-04,11010.0195
2004-08-05,11060.8896
2004-08-06,10972.5703
2004-08-09,10908.7002
2004-08-10,10953.5498
2004-08-11,11049.4600
2004-08-12,11028.0703
2004-08-13,10757.2002
2004-08-16,10687.8096
2004-08-17,10725.9697
2004-08-18,10774.2598
2004-08-19,10903.5303
2004-08-20,10889.1396
2004-08-23,10960.9697
2004-08-24,10985.3301
2004-08-25,11130.0195
2004-08-26,11129.3301
2004-08-27,11209.5898
2004-08-30,11184.5303
2004-08-31,11081.7900
2004-09-01,11127.3496
2004-09-02,11152.7500
2004-09-03,11022.4902
2004-09-06,11244.3701
2004-09-07,11298.9404
2004-09-08,11279.1904
2004-09-09,11170.9600
2004-09-10,11083.2305
2004-09-13,11253.1104
2004-09-14,11295.5801
2004-09-15,11158.5801
2004-09-16,11139.3604
2004-09-17,11082.4902
2004-09-21,11080.8701
2004-09-22,11019.4102
2004-09-24,10895.1602
2004-09-27,10859.3203
2004-09-28,10815.5703
2004-09-29,10786.0996
2004-09-30,10823.5703
2004-10-01,10985.1699
2004-10-04,11279.6299
2004-10-05,11281.8301
2004-10-06,11385.3799
2004-10-07,11354.5898
2004-10-08,11349.3496
2004-10-12,11201.8096
2004-10-13,11195.9902
2004-10-14,11034.2900
2004-10-15,10982.9502
2004-10-18,10965.6201
2004-10-19,11064.8604
2004-10-20,10882.1797
2004-10-21,10789.2305
2004-10-22,10857.1299
2004-10-25,10659.1504
2004-10-26,10672.4600
2004-10-27,10691.9502
2004-10-28,10853.1201
2004-10-29,10771.4199
2004-11-01,10734.7100
2004-11-02,10887.8096
2004-11-04,10946.2695
2004-11-05,11061.7695
2004-11-08,10983.8301
2004-11-09,10964.8701
2004-11-10,10994.9600
2004-11-11,10846.9199
2004-11-12,11019.9805
2004-11-15,11227.5703
2004-11-16,11161.7500
2004-11-17,11131.2900
2004-11-18,11082.4199
2004-11-19,11082.8398
2004-11-22,10849.3896
2004-11-24,10872.3301
2004-11-25,10900.3398
2004-11-26,10833.7500
2004-11-29,10977.8896
2004-11-30,10899.2500
2004-12-01,10784.2500
2004-12-02,10973.0703
2004-12-03,11074.8896
2004-12-06,10981.9600
2004-12-07,10873.6299
2004-12-08,10941.3701
2004-12-09,10776.6299
2004-12-10,10756.7998
2004-12-13,10789.2500
2004-12-14,10915.5801
2004-12-15,10956.4600
2004-12-16,10924.3701
2004-12-17,11078.3203
2004-12-20,11103.4199
2004-12-21,11125.9199
2004-12-22,11209.4404
2004-12-24,11365.4805
2004-12-27,11362.3496
2004-12-28,11424.1299
2004-12-29,11381.5596
2004-12-30,11488.7598
2005-01-04,11517.7500
2005-01-05,11437.5195
2005-01-06,11492.2598
2005-01-07,11433.2402
2005-01-11,11539.9902
2005-01-12,11453.3896
2005-01-13,11358.2197
2005-01-14,11438.3896
2005-01-17,11487.0996
2005-01-18,11423.2598
2005-01-19,11405.3398
2005-01-20,11284.7695
2005-01-21,11238.3701
2005-01-24,11289.4902
2005-01-25,11276.9102
2005-01-26,11376.5703
2005-01-27,11341.3096
2005-01-28,11320.5801
2005-01-31,11387.5898
2005-02-01,11384.4004
2005-02-02,11407.1396
2005-02-03,11389.3496
2005-02-04,11360.4004
2005-02-07,11499.8604
2005-02-08,11490.4297
2005-02-09,11473.3496
2005-02-10,11553.5596
2005-02-14,11632.2002
2005-02-15,11646.4902
2005-02-16,11601.6797
2005-02-17,11582.7197
2005-02-18,11660.1201
2005-02-21,11651.0195
2005-02-22,11597.7100
2005-02-23,11500.1797
2005-02-24,11531.1504
2005-02-25,11658.2500
2005-02-28,11740.5996
2005-03-01,11780.5303
2005-03-02,11813.7100
2005-03-03,11856.4600
2005-03-04,11873.0498
2005-03-07,11925.3604
2005-03-08,11886.9102
2005-03-09,11966.6904
2005-03-10,11864.9102
2005-03-11,11923.8896
2005-03-14,11850.2500
2005-03-15,11821.0898
2005-03-16,11873.1797
2005-03-17,11775.5000
2005-03-18,11879.8096
2005-03-22,11841.9697
2005-03-23,11739.1201
2005-03-24,11745.9697
2005-03-25,11761.0996
2005-03-28,11792.2998
2005-03-29,11599.8203
2005-03-30,11565.8799
2005-03-31,11668.9502
2005-04-01,11723.6299
2005-04-04,11667.5400
2005-04-05,11774.3096
2005-04-06,11827.1602
2005-04-07,11810.9902
2005-04-08,11874.7500
2005-04-11,11745.6396
2005-04-12,11670.2998
2005-04-13,11637.5195
2005-04-14,11563.1699
2005-04-15,11370.6904
2005-04-18,10938.4404
2005-04-19,11065.8604
2005-04-20,11088.5801
2005-04-21,10984.3896
2005-04-22,11045.9502
2005-04-25,11073.7695
2005-04-26,11035.8301
2005-04-27,11005.4199
2005-04-28,11008.9004
2005-05-02,11002.1104
2005-05-06,11192.1699
2005-05-09,11171.3203
2005-05-10,11159.4600
2005-05-11,11120.7002
2005-05-12,11077.9404
2005-05-13,11049.1104
2005-05-16,10947.2197
2005-05-17,10825.3896
2005-05-18,10835.4102
2005-05-19,11077.1602
2005-05-20,11037.2900
2005-05-23,11158.6504
2005-05-24,11133.6504
2005-05-25,11014.4297
2005-05-26,11027.9404
2005-05-27,11192.3301
2005-05-30,11266.3301
2005-05-31,11276.5898
2005-06-01,11329.6699
2005-06-02,11280.0498
2005-06-03,11300.0498
2005-06-06,11270.6201
2005-06-07,11217.4502
2005-06-08,11281.0303
2005-06-09,11160.8799
2005-06-10,11304.2305
2005-06-13,11311.5098
2005-06-14,11335.9199
2005-06-15,11415.8799
2005-06-16,11416.3799
2005-06-17,11514.0303
2005-06-20,11483.3496
2005-06-21,11488.7402
2005-06-22,11547.2803
2005-06-23,11576.7500
2005-06-24,11537.0303
2005-06-27,11414.2803
2005-06-28,11513.8301
2005-06-29,11577.4404
2005-06-30,11584.0098
2005-07-01,11630.1299
2005-07-04,11651.5498
2005-07-05,11616.7002
2005-07-06,11603.5303
2005-07-07,11590.1396
2005-07-08,11565.9902
2005-07-11,11674.7900
2005-07-12,11692.1396
2005-07-13,11659.8398
2005-07-14,11764.2598
2005-07-15,11758.6797
2005-07-19,11764.8398
2005-07-20,11789.3496
2005-07-21,11786.7305
2005-07-22,11695.0498
2005-07-25,11762.6504
2005-07-26,11737.9600
2005-07-27,11835.0801
2005-07-28,11858.3096
2005-07-29,11899.5996
2005-08-01,11946.9199
2005-08-02,11940.2002
2005-08-03,11981.7998
2005-08-04,11883.3096
2005-08-05,11766.4805
2005-08-08,11778.9805
2005-08-09,11900.3203
2005-08-10,12098.0801
2005-08-11,12263.3203
2005-08-12,12261.6797
2005-08-15,12256.5498
2005-08-16,12315.6699
2005-08-17,12273.1201
2005-08-18,12307.3701
2005-08-19,12291.7305
2005-08-22,12452.5098
2005-08-23,12472.9297
2005-08-24,12502.2598
2005-08-25,12405.1602
2005-08-26,12439.4805
2005-08-29,12309.8301
2005-08-30,12453.1396
2005-08-31,12413.5996
2005-09-01,12506.9697
2005-09-02,12600.0000
2005-09-05,12634.8799
2005-09-06,12599.4297
2005-09-07,12607.5898
2005-09-08,12533.8896
2005-09-09,12692.0400
2005-09-12,12896.4297
2005-09-13,12901.9502
2005-09-14,12834.2500
2005-09-15,12986.7803
2005-09-16,12958.6797
2005-09-20,13148.5703
2005-09-21,13196.5703
2005-09-22,13159.3604
2005-09-26,13392.6299
2005-09-27,13310.0400
2005-09-28,13435.9102
2005-09-29,13617.2402
2005-09-30,13574.2998
2005-10-03,13525.2803
2005-10-04,13738.8398
2005-10-05,13689.8896
2005-10-06,13359.5098
2005-10-07,13227.7402
2005-10-11,13556.7100
2005-10-12,13463.7402
2005-10-13,13449.2402
2005-10-14,13420.5400
2005-10-17,13400.2900
2005-10-18,13352.2402
2005-10-19,13129.4902
2005-10-20,13190.4600
2005-10-21,13199.9502
2005-10-24,13106.1797
2005-10-25,13280.6201
2005-10-26,13395.0195
2005-10-27,13417.0801
2005-10-28,13346.5400
2005-10-31,13606.5000
2005-11-01,13867.8604
2005-11-02,13894.7803
2005-11-04,14075.9600
2005-11-07,14061.5996
2005-11-08,14036.7305
2005-11-09,14072.2002
2005-11-10,14080.8799
2005-11-11,14155.0596
2005-11-14,14116.0400
2005-11-15,14091.7695
2005-11-16,14170.8701
2005-11-17,14411.7900
2005-11-18,14623.1201
2005-11-21,14680.4297
2005-11-22,14708.3203
2005-11-24,14742.5801
2005-11-25,14784.2900
2005-11-28,14986.9404
2005-11-29,14927.7002
2005-11-30,14872.1504
2005-12-01,15130.5000
2005-12-02,15421.5996
2005-12-05,15551.3096
2005-12-06,15423.3799
2005-12-07,15484.6602
2005-12-08,15183.3604
2005-12-09,15404.0498
2005-12-12,15738.7002
2005-12-13,15778.8604
2005-12-14,15464.5801
2005-12-15,15254.4404
2005-12-16,15173.0703
2005-12-19,15391.4805
2005-12-20,15641.2598
2005-12-21,15957.5703
2005-12-22,15941.3701
2005-12-26,16107.6699
2005-12-27,15969.4004
2005-12-28,16194.6104
2005-12-29,16344.2002
2005-12-30,16111.4297
2006-01-04,16361.5400
2006-01-05,16425.3691
2006-01-06,16428.2109
2006-01-10,16124.3496
2006-01-11,16363.5898
2006-01-12,16445.1895
2006-01-13,16454.9492
2006-01-16,16268.0303
2006-01-17,15805.9502
2006-01-18,15341.1797
2006-01-19,15696.2803
2006-01-20,15696.6904
2006-01-23,15360.6504
2006-01-24,15648.8896
2006-01-25,15651.0000
2006-01-26,15891.0195
2006-01-27,16460.6797
2006-01-30,16551.2305
2006-01-31,16649.8203
2006-02-01,16480.0898
2006-02-02,16710.5508
2006-02-03,16659.6406
2006-02-06,16747.7598
2006-02-07,16720.9902
2006-02-08,16272.6797
2006-02-09,16439.6699
2006-02-10,16257.8301
2006-02-13,15877.6602
2006-02-14,16184.8701
2006-02-15,15932.8301
2006-02-16,16043.6699
2006-02-17,15713.4502
2006-02-20,15437.9297
2006-02-21,15894.9404
2006-02-22,15781.7803
2006-02-23,16096.0996
2006-02-24,16101.9102
2006-02-27,16192.9502
2006-02-28,16205.4297
2006-03-01,15964.4600
2006-03-02,15909.7598
2006-03-03,15663.3398
2006-03-06,15901.1602
2006-03-07,15726.0195
2006-03-08,15627.4902
2006-03-09,16036.9102
2006-03-10,16115.6299
2006-03-13,16361.5098
2006-03-14,16238.3604
2006-03-15,16319.0400
2006-03-16,16096.2100
2006-03-17,16339.7305
2006-03-20,16624.8008
2006-03-22,16495.4805
2006-03-23,16489.3691
2006-03-24,16560.8691
2006-03-27,16650.0996
2006-03-28,16690.2402
2006-03-29,16938.4102
2006-03-30,17045.3398
2006-03-31,17059.6602
2006-04-03,17333.3105
2006-04-04,17292.9102
2006-04-05,17243.9805
2006-04-06,17489.3301
2006-04-07,17563.3691
2006-04-10,17456.5801
2006-04-11,17418.1309
2006-04-12,17162.5508
2006-04-13,17199.1504
2006-04-14,17233.8203
2006-04-17,17000.3594
2006-04-18,17232.8594
2006-04-19,17350.1191
2006-04-20,17317.5293
2006-04-21,17403.9609
2006-04-24,16914.4004
2006-04-25,16970.2891
2006-04-26,17055.9297
2006-04-27,17114.5391
2006-04-28,16906.2305
2006-05-01,16925.7109
2006-05-02,17153.7695
2006-05-08,17291.6699
2006-05-09,17190.9102
2006-05-10,16951.9297
2006-05-11,16862.1406
2006-05-12,16601.7793
2006-05-15,16486.9102
2006-05-16,16158.4199
2006-05-17,16307.6699
2006-05-18,16087.1797
2006-05-19,16155.4502
2006-05-22,15857.8701
2006-05-23,15599.2002
2006-05-24,15907.2002
2006-05-25,15693.7500
2006-05-26,15970.7598
2006-05-29,15915.6797
2006-05-30,15859.4502
2006-05-31,15467.3301
2006-06-01,15503.7402
2006-06-02,15789.3096
2006-06-05,15668.3096
2006-06-06,15384.8604
2006-06-07,15096.0098
2006-06-08,14633.0303
2006-06-09,14750.8398
2006-06-12,14833.0098
2006-06-13,14218.5996
2006-06-14,14309.5596
2006-06-15,14470.7598
2006-06-16,14879.3398
2006-06-19,14860.3496
2006-06-20,14648.4102
2006-06-21,14644.2598
2006-06-22,15135.6904
2006-06-23,15124.0400
2006-06-26,15152.4004
2006-06-27,15171.8096
2006-06-28,14886.1104
2006-06-29,15121.1504
2006-06-30,15505.1797
2006-07-03,15571.6201
2006-07-04,15638.5000
2006-07-05,15523.9404
2006-07-06,15321.4004
2006-07-07,15307.6104
2006-07-10,15552.8096
2006-07-11,15473.8203
2006-07-12,15249.3203
2006-07-13,15097.9502
2006-07-14,14845.2402
2006-07-18,14437.2402
2006-07-19,14500.2598
2006-07-20,14946.8398
2006-07-21,14821.2598
2006-07-24,14794.5000
2006-07-25,15005.2402
2006-07-26,14884.0703
2006-07-27,15179.7803
2006-07-28,15342.8701
2006-07-31,15456.8096
2006-08-01,15440.9102
2006-08-02,15464.2900
2006-08-03,15470.3701
2006-08-04,15499.1797
2006-08-07,15154.0596
2006-08-08,15464.6602
2006-08-09,15656.5898
2006-08-10,15630.9102
2006-08-11,15565.0195
2006-08-14,15857.1104
2006-08-15,15816.1904
2006-08-16,16071.3604
2006-08-17,16020.8398
2006-08-18,16105.9805
2006-08-21,15969.0400
2006-08-22,16181.1699
2006-08-23,16163.0303
2006-08-24,15960.6201
2006-08-25,15938.6602
2006-08-28,15762.5898
2006-08-29,15890.5596
2006-08-30,15872.0195
2006-08-31,16140.7598
2006-09-01,16134.2500
2006-09-04,16358.0703
2006-09-05,16385.9609
2006-09-06,16284.0898
2006-09-07,16012.4102
2006-09-08,16080.4600
2006-09-11,15794.3799
2006-09-12,15719.3398
2006-09-13,15750.0498
2006-09-14,15942.3896
2006-09-15,15866.9297
2006-09-19,15874.2803
2006-09-20,15718.6699
2006-09-21,15834.2305
2006-09-22,15634.6699
2006-09-25,15633.8096
2006-09-26,15557.4502
2006-09-27,15947.8701
2006-09-28,16024.8496
2006-09-29,16127.5801
2006-10-02,16254.2900
2006-10-03,16242.0898
2006-10-04,16082.5498
2006-10-05,16449.3301
2006-10-06,16436.0605
2006-10-10,16477.2500
2006-10-11,16400.5703
2006-10-12,16368.8096
2006-10-13,16536.5391
2006-10-16,16692.7598
2006-10-17,16611.5898
2006-10-18,16653.0000
2006-10-19,16551.3594
2006-10-20,16651.6309
2006-10-23,16788.8203
2006-10-24,16780.4707
2006-10-25,16699.3008
2006-10-26,16811.5996
2006-10-27,16669.0703
2006-10-30,16351.8496
2006-10-31,16399.3906
2006-11-01,16375.2598
2006-11-02,16350.0195
2006-11-06,16364.7598
2006-11-07,16393.4102
2006-11-08,16215.7402
2006-11-09,16198.5703
2006-11-10,16112.4297
2006-11-13,16022.4902
2006-11-14,16289.5498
2006-11-15,16243.4697
2006-11-16,16163.8701
2006-11-17,16091.7305
2006-11-20,15725.9404
2006-11-21,15734.1396
2006-11-22,15914.2305
2006-11-24,15734.5996
2006-11-27,15885.3799
2006-11-28,15855.2598
2006-11-29,16076.2002
2006-11-30,16274.3301
2006-12-01,16321.7803
2006-12-04,16303.5898
2006-12-05,16265.7598
2006-12-06,16371.2803
2006-12-07,16473.3594
2006-12-08,16417.8203
2006-12-11,16527.9902
2006-12-12,16637.7793
2006-12-13,16692.9297
2006-12-14,16829.1992
2006-12-15,16914.3105
2006-12-18,16962.1094
2006-12-19,16776.8809
2006-12-20,17011.0391
2006-12-21,17047.8301
2006-12-22,17104.9609
2006-12-25,17092.8906
2006-12-26,17169.1895
2006-12-27,17223.1504
2006-12-28,17224.8105
2006-12-29,17225.8301
2007-01-04,17353.6699
2007-01-05,17091.5898
2007-01-09,17237.7695
2007-01-10,16942.4004
2007-01-11,16838.1699
2007-01-12,17057.0098
2007-01-15,17209.9199
2007-01-16,17202.4609
2007-01-17,17261.3496
2007-01-18,17370.9297
2007-01-19,17310.4395
2007-01-22,17424.1797
2007-01-23,17408.5703
2007-01-24,17507.4004
2007-01-25,17458.3008
2007-01-26,17421.9297
2007-01-29,17470.4609
2007-01-30,17490.1895
2007-01-31,17383.4199
2007-02-01,17519.5000
2007-02-02,17547.1094
2007-02-05,17344.8008
2007-02-06,17406.8594
2007-02-07,17292.3203
2007-02-08,17292.4805
2007-02-09,17504.3301
2007-02-13,17621.4492
2007-02-14,17752.6406
2007-02-15,17897.2305
2007-02-16,17875.6504
2007-02-19,17940.0898
2007-02-20,17939.1191
2007-02-21,17913.2109
2007-02-22,18108.7891
2007-02-23,18188.4199
2007-02-26,18215.3496
2007-02-27,18119.9199
2007-02-28,17604.1191
2007-03-01,17453.5098
2007-03-02,17217.9297
2007-03-05,16642.2500
2007-03-06,16844.5000
2007-03-07,16764.6191
2007-03-08,17090.3105
2007-03-09,17164.0391
2007-03-12,17292.3906
2007-03-13,17178.8398
2007-03-14,16676.8906
2007-03-15,16860.3906
2007-03-16,16744.1504
2007-03-19,17009.5508
2007-03-20,17163.1992
2007-03-22,17419.1992
2007-03-23,17480.6094
2007-03-26,17521.9609
2007-03-27,17365.0508
2007-03-28,17254.7305
2007-03-29,17263.9395
2007-03-30,17287.6504
2007-04-02,17028.4102
2007-04-03,17244.0508
2007-04-04,17544.0898
2007-04-05,17491.4199
2007-04-06,17484.7793
2007-04-09,17743.7598
2007-04-10,17664.6895
2007-04-11,17670.0703
2007-04-12,17540.4199
2007-04-13,17363.9492
2007-04-16,17628.3008
2007-04-17,17527.4492
2007-04-18,17667.3301
2007-04-19,17371.9707
2007-04-20,17452.6191
2007-04-23,17455.3691
2007-04-24,17451.7695
2007-04-25,17236.1602
2007-04-26,17429.1699
2007-04-27,17400.4102
2007-05-01,17274.9805
2007-05-02,17394.9199
2007-05-07,17669.8301
2007-05-08,17656.8398
2007-05-09,17748.1191
2007-05-10,17736.9609
2007-05-11,17553.7207
2007-05-14,17677.9395
2007-05-15,17512.9805
2007-05-16,17529.0000
2007-05-17,17498.5996
2007-05-18,17399.5801
2007-05-21,17556.8691
2007-05-22,17680.0508
2007-05-23,17705.1191
2007-05-24,17696.9707
2007-05-25,17481.2109
2007-05-28,17587.5898
2007-05-29,17672.5605
2007-05-30,17588.2598
2007-05-31,17875.7500
2007-06-01,17958.8809
2007-06-04,17973.4199
2007-06-05,18053.8105
2007-06-06,18040.9297
2007-06-07,18053.3809
2007-06-08,17779.0898
2007-06-11,17834.4805
2007-06-12,17760.9102
2007-06-13,17732.7695
2007-06-14,17842.2891
2007-06-15,17971.4902
2007-06-18,18149.5195
2007-06-19,18163.6094
2007-06-20,18211.6797
2007-06-21,18240.3008
2007-06-22,18188.6309
2007-06-25,18087.4805
2007-06-26,18066.1094
2007-06-27,17849.2793
2007-06-28,17932.2695
2007-06-29,18138.3594
2007-07-02,18146.3008
2007-07-03,18149.9004
2007-07-04,18168.7207
2007-07-05,18221.4805
2007-07-06,18140.9395
2007-07-09,18261.9805
2007-07-10,18252.6699
2007-07-11,18049.5098
2007-07-12,17984.1406
2007-07-13,18238.9492
2007-07-17,18217.2695
2007-07-18,18015.5801
2007-07-19,18116.5703
2007-07-20,18157.9297
2007-07-23,17963.6406
2007-07-24,18002.0293
2007-07-25,17858.4199
2007-07-26,17702.0898
2007-07-27,17283.8105
2007-07-30,17289.3008
2007-07-31,17248.8906
2007-08-01,16870.9805
2007-08-02,16984.1094
2007-08-03,16979.8594
2007-08-06,16914.4609
2007-08-07,16921.7695
2007-08-08,17029.2793
2007-08-09,17170.5996
2007-08-10,16764.0898
2007-08-13,16800.0508
2007-08-14,16844.6094
2007-08-15,16475.6094
2007-08-16,16148.4902
2007-08-17,15273.6797
2007-08-20,15732.4805
2007-08-21,15901.3398
2007-08-22,15900.6396
2007-08-23,16316.3203
2007-08-24,16248.9697
2007-08-27,16301.3896
2007-08-28,16287.4902
2007-08-29,16012.8301
2007-08-30,16153.8203
2007-08-31,16569.0898
2007-09-03,16524.9297
2007-09-04,16420.4707
2007-09-05,16158.4502
2007-09-06,16257.0000
2007-09-07,16122.1602
2007-09-10,15764.9697
2007-09-11,15877.6699
2007-09-12,15797.5996
2007-09-13,15821.1904
2007-09-14,16127.4199
2007-09-18,15801.7998
2007-09-19,16381.5400
2007-09-20,16413.7891
2007-09-21,16312.6104
2007-09-25,16401.7305
2007-09-26,16435.7402
2007-09-27,16832.2207
2007-09-28,16785.6895
2007-10-01,16845.9609
2007-10-02,17046.7793
2007-10-03,17199.8906
2007-10-04,17092.4902
2007-10-05,17065.0391
2007-10-09,17159.9004
2007-10-10,17177.8906
2007-10-11,17458.9805
2007-10-12,17331.1699
2007-10-15,17358.1504
2007-10-16,17137.9199
2007-10-17,16955.3105
2007-10-18,17106.0898
2007-10-19,16814.3691
2007-10-22,16438.4707
2007-10-23,16450.5801
2007-10-24,16358.3896
2007-10-25,16284.1699
2007-10-26,16505.6309
2007-10-29,16698.0801
2007-10-30,16651.0098
2007-10-31,16737.6309
2007-11-01,16870.4004
2007-11-02,16517.4805
2007-11-05,16268.9199
2007-11-06,16249.6299
2007-11-07,16096.6797
2007-11-08,15771.5703
2007-11-09,15583.4199
2007-11-12,15197.0898
2007-11-13,15126.6299
2007-11-14,15499.5596
2007-11-15,15396.2998
2007-11-16,15154.6104
2007-11-19,15042.5596
2007-11-20,15211.5195
2007-11-21,14837.6602
2007-11-22,14888.7695
2007-11-26,15135.2100
2007-11-27,15222.8496
2007-11-28,15153.7803
2007-11-29,15513.7402
2007-11-30,15680.6699
2007-12-03,15628.9697
2007-12-04,15480.1904
2007-12-05,15608.8799
2007-12-06,15874.0801
2007-12-07,15956.3701
2007-12-10,15924.3896
2007-12-11,16044.7197
2007-12-12,15932.2598
2007-12-13,15536.5195
2007-12-14,15514.5098
2007-12-17,15249.7900
2007-12-18,15207.8604
2007-12-19,15030.5098
2007-12-20,15031.5996
2007-12-21,15257.0000
2007-12-25,15552.5898
2007-12-26,15653.5400
2007-12-27,15564.6904
2007-12-28,15307.7803
2008-01-04,14691.4102
2008-01-07,14500.5498
2008-01-08,14528.6699
2008-01-09,14599.1602
2008-01-10,14388.1104
2008-01-11,14110.7900
2008-01-15,13972.6299
2008-01-16,13504.5098
2008-01-17,13783.4502
2008-01-18,13861.2900
2008-01-21,13325.9404
2008-01-22,12573.0498
2008-01-23,12829.0596
2008-01-24,13092.7803
2008-01-25,13629.1602
2008-01-28,13087.9102
2008-01-29,13478.8604
2008-01-30,13345.0303
2008-01-31,13592.4697
2008-02-01,13497.1602
2008-02-04,13859.7002
2008-02-05,13745.5000
2008-02-06,13099.2402
2008-02-07,13207.1504
2008-02-08,13017.2402
2008-02-12,13021.9600
2008-02-13,13068.2998
2008-02-14,13626.4502
2008-02-15,13622.5596
2008-02-18,13635.4004
2008-02-19,13757.9102
2008-02-20,13310.3701
2008-02-21,13688.2803
2008-02-22,13500.4600
2008-02-25,13914.5703
2008-02-26,13824.7197
2008-02-27,14031.2998
2008-02-28,13925.5098
2008-02-29,13603.0195
2008-03-03,12992.1797
2008-03-04,12992.2803
2008-03-05,12972.0596
2008-03-06,13215.4199
2008-03-07,12782.7998
2008-03-10,12532.1299
2008-03-11,12658.2803
2008-03-12,12861.1299
2008-03-13,12433.4404
2008-03-14,12241.5996
2008-03-17,11787.5098
2008-03-18,11964.1602
2008-03-19,12260.4404
2008-03-21,12482.5703
2008-03-24,12480.0898
2008-03-25,12745.2197
2008-03-26,12706.6299
2008-03-27,12604.5801
2008-03-28,12820.4697
2008-03-31,12525.5400
2008-04-01,12656.4199
2008-04-02,13189.3604
2008-04-03,13389.9004
2008-04-04,13293.2197
2008-04-07,13450.2305
2008-04-08,13250.4297
2008-04-09,13111.8896
2008-04-10,12945.2998
2008-04-11,13323.7305
2008-04-14,12917.5098
2008-04-15,12990.5801
2008-04-16,13146.1299
2008-04-17,13398.2998
2008-04-18,13476.4502
2008-04-21,13696.5498
2008-04-22,13547.8203
2008-04-23,13579.1602
2008-04-24,13540.8701
2008-04-25,13863.4697
2008-04-28,13894.3701
2008-04-30,13849.9902
2008-05-01,13766.8604
2008-05-02,14049.2598
2008-05-07,14102.4805
2008-05-08,13943.2598
2008-05-09,13655.3398
2008-05-12,13743.3604
2008-05-13,13953.7305
2008-05-14,14118.5498
2008-05-15,14251.7402
2008-05-16,14219.4805
2008-05-19,14269.6104
2008-05-20,14160.0898
2008-05-21,13926.2998
2008-05-22,13978.4600
2008-05-23,14012.2002
2008-05-26,13690.1904
2008-05-27,13893.3096
2008-05-28,13709.4404
2008-05-29,14124.4697
2008-05-30,14338.5400
2008-06-02,14440.1396
2008-06-03,14209.1699
2008-06-04,14435.5703
2008-06-05,14341.1201
2008-06-06,14489.4404
2008-06-09,14181.3799
2008-06-10,14021.1699
2008-06-11,14183.4805
2008-06-12,13888.5996
2008-06-13,13973.7305
2008-06-16,14354.3701
2008-06-17,14348.3701
2008-06-18,14452.8203
2008-06-19,14130.1699
2008-06-20,13942.0801
2008-06-23,13857.4697
2008-06-24,13849.5596
2008-06-25,13829.9199
2008-06-26,13822.3203
2008-06-27,13544.3604
2008-06-30,13481.3799
2008-07-01,13463.2002
2008-07-02,13286.3701
2008-07-03,13265.4004
2008-07-04,13237.8896
2008-07-07,13360.0400
2008-07-08,13033.0996
2008-07-09,13052.1299
2008-07-10,13067.2100
2008-07-11,13039.6904
2008-07-14,13010.1602
2008-07-15,12754.5596
2008-07-16,12760.7998
2008-07-17,12887.9502
2008-07-18,12803.7002
2008-07-22,13184.9600
2008-07-23,13312.9297
2008-07-24,13603.3096
2008-07-25,13334.7598
2008-07-28,13353.7803
2008-07-29,13159.4502
2008-07-30,13367.7900
2008-07-31,13376.8096
2008-08-01,13094.5898
2008-08-04,12933.1797
2008-08-05,12914.6602
2008-08-06,13254.8896
2008-08-07,13124.9902
2008-08-08,13168.4102
2008-08-11,13430.9102
2008-08-12,13303.5996
2008-08-13,13023.0498
2008-08-14,12956.7998
2008-08-15,13019.4102
2008-08-18,13165.4502
2008-08-19,12865.0498
2008-08-20,12851.6904
2008-08-21,12752.2100
2008-08-22,12666.0400
2008-08-25,12878.6602
2008-08-26,12778.7100
2008-08-27,12752.9600
2008-08-28,12768.2500
2008-08-29,13072.8701
2008-09-01,12834.1797
2008-09-02,12609.4697
2008-09-03,12689.5898
2008-09-04,12557.6602
2008-09-05,12212.2305
2008-09-08,12624.4600
2008-09-09,12400.6504
2008-09-10,12346.6299
2008-09-11,12102.5000
2008-09-12,12214.7598
2008-09-16,11609.7197
2008-09-17,11749.7900
2008-09-18,11489.2998
2008-09-19,11920.8604
2008-09-22,12090.5898
2008-09-24,12115.0303
2008-09-25,12006.5303
2008-09-26,11893.1602
2008-09-29,11743.6104
2008-09-30,11259.8604
2008-10-01,11368.2598
2008-10-02,11154.7598
2008-10-03,10938.1396
2008-10-06,10473.0898
2008-10-07,10155.9004
2008-10-08,9203.3203
2008-10-09,9157.4902
2008-10-10,8276.4297
2008-10-14,9447.5703
2008-10-15,9547.4697
2008-10-16,8458.4502
2008-10-17,8693.8203
2008-10-20,9005.5898
2008-10-21,9306.2500
2008-10-22,8674.6904
2008-10-23,8460.9805
2008-10-24,7649.0801
2008-10-27,7162.8999
2008-10-28,7621.9199
2008-10-29,8211.9004
2008-10-30,9029.7598
2008-10-31,8576.9805
2008-11-04,9114.5996
2008-11-05,9521.2402
2008-11-06,8899.1396
2008-11-07,8583.0000
2008-11-10,9081.4297
2008-11-11,8809.2998
2008-11-12,8695.5098
2008-11-13,8238.6396
2008-11-14,8462.3896
2008-11-17,8522.5801
2008-11-18,8328.4102
2008-11-19,8273.2197
2008-11-20,7703.0400
2008-11-21,7910.7900
2008-11-25,8323.9297
2008-11-26,8213.2197
2008-11-27,8373.3896
2008-11-28,8512.2695
2008-12-01,8397.2197
2008-12-02,7863.6899
2008-12-03,8004.1001
2008-12-04,7924.2402
2008-12-05,7917.5098
2008-12-08,8329.0498
2008-12-09,8395.8701
2008-12-10,8660.2402
2008-12-11,8720.5498
2008-12-12,8235.8701
2008-12-15,8664.6602
2008-12-16,8568.0195
2008-12-17,8612.5195
2008-12-18,8667.2305
2008-12-19,8588.5195
2008-12-22,8723.7803
2008-12-24,8517.0996
2008-12-25,8599.5000
2008-12-26,8739.5195
2008-12-29,8747.1699
2008-12-30,8859.5596
2009-01-05,9043.1201
2009-01-06,9080.8398
2009-01-07,9239.2402
2009-01-08,8876.4199
2009-01-09,8836.7998
2009-01-13,8413.9102
2009-01-14,8438.4502
2009-01-15,8023.3101
2009-01-16,8230.1504
2009-01-19,8256.8496
2009-01-20,8065.7900
2009-01-21,7901.6401
2009-01-22,8051.7402
2009-01-23,7745.2500
2009-01-26,7682.1401
2009-01-27,8061.0698
2009-01-28,8106.2900
2009-01-29,8251.2402
2009-01-30,7994.0498
2009-02-02,7873.9800
2009-02-03,7825.5098
2009-02-04,8038.9399
2009-02-05,7949.6499
2009-02-06,8076.6201
2009-02-09,7969.0298
2009-02-10,7945.9399
2009-02-12,7705.3599
2009-02-13,7779.3999
2009-02-16,7750.1699
2009-02-17,7645.5098
2009-02-18,7534.4399
2009-02-19,7557.6499
2009-02-20,7416.3799
2009-02-23,7376.1602
2009-02-24,7268.5601
2009-02-25,7461.2202
2009-02-26,7457.9302
2009-02-27,7568.4199
2009-03-02,7280.1499
2009-03-03,7229.7202
2009-03-04,7290.9600
2009-03-05,7433.4902
2009-03-06,7173.1001
2009-03-09,7086.0298
2009-03-10,7054.9800
2009-03-11,7376.1201
2009-03-12,7198.2500
2009-03-13,7569.2798
2009-03-16,7704.1499
2009-03-17,7949.1299
2009-03-18,7972.1699
2009-03-19,7945.9600
2009-03-23,8215.5303
2009-03-24,8488.2998
2009-03-25,8479.9902
2009-03-26,8636.3301
2009-03-27,8626.9697
2009-03-30,8236.0801
2009-03-31,8109.5298
2009-04-01,8351.9102
2009-04-02,8719.7803
2009-04-03,8749.8398
2009-04-06,8857.9297
2009-04-07,8832.8496
2009-04-08,8595.0098
2009-04-09,8916.0596
2009-04-10,8964.1104
2009-04-13,8924.4297
2009-04-14,8842.6797
2009-04-15,8742.9600
2009-04-16,8755.2598
2009-04-17,8907.5801
2009-04-20,8924.7500
2009-04-21,8711.3301
2009-04-22,8727.2998
2009-04-23,8847.0098
2009-04-24,8707.9902
2009-04-27,8726.3398
2009-04-28,8493.7695
2009-04-30,8828.2598
2009-05-01,8977.3701
2009-05-07,9385.7002
2009-05-08,9432.8301
2009-05-11,9451.9805
2009-05-12,9298.6104
2009-05-13,9340.4902
2009-05-14,9093.7305
2009-05-15,9265.0195
2009-05-18,9038.6904
2009-05-19,9290.2900
2009-05-20,9344.6396
2009-05-21,9264.1504
2009-05-22,9225.8096
2009-05-25,9347.0000
2009-05-26,9310.8096
2009-05-27,9438.7695
2009-05-28,9451.3896
2009-05-29,9522.5000
2009-06-01,9677.7500
2009-06-02,9704.3096
2009-06-03,9741.6699
2009-06-04,9668.9600
2009-06-05,9768.0098
2009-06-08,9865.6299
2009-06-09,9786.8203
2009-06-10,9991.4902
2009-06-11,9981.3301
2009-06-12,10135.8203
2009-06-15,10039.6699
2009-06-16,9752.8799
2009-06-17,9840.8496
2009-06-18,9703.7197
2009-06-19,9786.2598
2009-06-22,9826.2695
2009-06-23,9549.6104
2009-06-24,9590.3203
2009-06-25,9796.0801
2009-06-26,9877.3896
2009-06-29,9783.4697
2009-06-30,9958.4404
2009-07-01,9939.9297
2009-07-02,9876.1504
2009-07-03,9816.0703
2009-07-06,9680.8701
2009-07-07,9647.7900
2009-07-08,9420.7500
2009-07-09,9291.0596
2009-07-10,9287.2803
2009-07-13,9050.3301
2009-07-14,9261.8096
2009-07-15,9269.2500
2009-07-16,9344.1602
2009-07-17,9395.3203
2009-07-21,9652.0195
2009-07-22,9723.1602
2009-07-23,9792.9404
2009-07-24,9944.5498
2009-07-27,10088.6602
2009-07-28,10087.2598
2009-07-29,10113.2402
2009-07-30,10165.2100
2009-07-31,10356.8301
2009-08-03,10352.4697
2009-08-04,10375.0098
2009-08-05,10252.5303
2009-08-06,10388.0898
2009-08-07,10412.0898
2009-08-10,10524.2598
2009-08-11,10585.4600
2009-08-12,10435.0000
2009-08-13,10517.1904
2009-08-14,10597.3301
2009-08-17,10268.6104
2009-08-18,10284.9600
2009-08-19,10204.0000
2009-08-20,10383.4102
2009-08-21,10238.2002
2009-08-24,10581.0498
2009-08-25,10497.3604
2009-08-26,10639.7100
2009-08-27,10473.9697
2009-08-28,10534.1396
2009-08-31,10492.5303
2009-09-02,10280.4600
2009-09-03,10214.6396
2009-09-04,10187.1104
2009-09-07,10320.9404
2009-09-08,10393.2305
2009-09-09,10312.1396
2009-09-10,10513.6699
2009-09-11,10444.3301
2009-09-14,10202.0596
2009-09-15,10217.6201
2009-09-16,10270.7695
2009-09-17,10443.7998
2009-09-18,10370.5400
2009-09-24,10544.2197
2009-09-25,10265.9805
2009-09-28,10009.5195
2009-09-29,10100.2002
2009-09-30,10133.2305
2009-10-01,9978.6396
2009-10-02,9731.8701
2009-10-05,9674.4902
2009-10-06,9691.7998
2009-10-07,9799.5996
2009-10-08,9832.4697
2009-10-09,10016.3896
2009-10-13,10076.5596
2009-10-14,10060.2100
2009-10-15,10238.6504
2009-10-16,10257.5596
2009-10-19,10236.5098
2009-10-20,10336.8398
2009-10-21,10333.3896
2009-10-22,10267.1699
2009-10-23,10282.9902
2009-10-26,10362.6201
2009-10-27,10212.4600
2009-10-28,10075.0498
2009-10-29,9891.0996
2009-10-30,10034.7402
2009-11-02,9802.9502
2009-11-04,9844.3096
2009-11-05,9717.4404
2009-11-06,9789.3496
2009-11-09,9808.9902
2009-11-10,9870.7305
2009-11-11,9871.6797
2009-11-12,9804.4902
2009-11-13,9770.3096
2009-11-16,9791.1797
2009-11-17,9729.9297
2009-11-18,9676.7998
2009-11-19,9549.4697
2009-11-20,9497.6797
2009-11-24,9401.5801
2009-11-25,9441.6396
2009-11-26,9383.2402
2009-11-27,9081.5195
2009-11-30,9345.5498
2009-12-01,9572.2002
2009-12-02,9608.9404
2009-12-03,9977.6699
2009-12-04,10022.5898
2009-12-07,10167.5996
2009-12-08,10140.4697
2009-12-09,10004.7197
2009-12-10,9862.8203
2009-12-11,10107.8701
2009-12-14,10105.6797
2009-12-15,10083.4805
2009-12-16,10177.4102
2009-12-17,10163.7998
2009-12-18,10142.0498
2009-12-21,10183.4697
2009-12-22,10378.0303
2009-12-24,10536.9199
2009-12-25,10494.7100
2009-12-28,10634.2305
2009-12-29,10638.0596
2009-12-30,10546.4404
2010-01-04,10654.7900
2010-01-05,10681.8301
2010-01-06,10731.4502
2010-01-07,10681.6602
2010-01-08,10798.3203
2010-01-12,10879.1396
2010-01-13,10735.0303
2010-01-14,10907.6797
2010-01-15,10982.0996
2010-01-18,10855.0801
2010-01-19,10764.9004
2010-01-20,10737.5195
2010-01-21,10868.4102
2010-01-22,10590.5498
2010-01-25,10512.6904
2010-01-26,10325.2803
2010-01-27,10252.0801
2010-01-28,10414.2900
2010-01-29,10198.0400
2010-02-01,10205.0195
2010-02-02,10371.0898
2010-02-03,10404.3301
2010-02-04,10355.9805
2010-02-05,10057.0898
2010-02-08,9951.8203
2010-02-09,9932.9004
2010-02-10,9963.9902
2010-02-12,10092.1904
2010-02-15,10013.2998
2010-02-16,10034.2500
2010-02-17,10306.8301
2010-02-18,10335.6904
2010-02-19,10123.5801
2010-02-22,10400.4697
2010-02-23,10352.0996
2010-02-24,10198.8301
2010-02-25,10101.9600
2010-02-26,10126.0303
2010-03-01,10172.0596
2010-03-02,10221.8398
2010-03-03,10253.1396
2010-03-04,10145.7197
2010-03-05,10368.9600
2010-03-08,10585.9199
2010-03-09,10567.6504
2010-03-10,10563.9199
2010-03-11,10664.9502
2010-03-12,10751.2598
2010-03-15,10751.9805
2010-03-16,10721.7100
2010-03-17,10846.9805
2010-03-18,10744.0303
2010-03-19,10824.7197
2010-03-23,10774.1504
2010-03-24,10815.0303
2010-03-25,10828.8496
2010-03-26,10996.3701
2010-03-29,10986.4697
2010-03-30,11097.1396
2010-03-31,11089.9404
2010-04-01,11244.4004
2010-04-02,11286.0898
2010-04-05,11339.2998
2010-04-06,11282.3203
2010-04-07,11292.8301
2010-04-08,11168.2002
2010-04-09,11204.3398
2010-04-12,11251.9004
2010-04-13,11161.2305
2010-04-14,11204.9004
2010-04-15,11273.7900
2010-04-16,11102.1797
2010-04-19,10908.7695
2010-04-20,10900.6797
2010-04-21,11090.0498
2010-04-22,10949.0898
2010-04-23,10914.4600
2010-04-26,11165.7900
2010-04-27,11212.6602
2010-04-28,10924.7900
2010-04-30,11057.4004
2010-05-06,10695.6904
2010-05-07,10364.5898
2010-05-10,10530.7002
2010-05-11,10411.0996
2010-05-12,10394.0303
2010-05-13,10620.5498
2010-05-14,10462.5098
2010-05-17,10235.7598
2010-05-18,10242.6396
2010-05-19,10186.8398
2010-05-20,10030.3096
2010-05-21,9784.5400
2010-05-24,9758.4004
2010-05-25,9459.8896
2010-05-26,9522.6602
2010-05-27,9639.7197
2010-05-28,9762.9805
2010-05-31,9768.7002
2010-06-01,9711.8301
2010-06-02,9603.2402
2010-06-03,9914.1904
2010-06-04,9901.1904
2010-06-07,9520.7998
2010-06-08,9537.9404
2010-06-09,9439.1299
2010-06-10,9542.6504
2010-06-11,9705.2500
2010-06-14,9879.8496
2010-06-15,9887.8896
2010-06-16,10067.1504
2010-06-17,9999.4004
2010-06-18,9995.0195
2010-06-21,10238.0098
2010-06-22,10112.8896
2010-06-23,9923.7002
2010-06-24,9928.3398
2010-06-25,9737.4805
2010-06-28,9693.9404
2010-06-29,9570.6699
2010-06-30,9382.6396
2010-07-01,9191.5996
2010-07-02,9203.7100
2010-07-05,9266.7803
2010-07-06,9338.0400
2010-07-07,9279.6504
2010-07-08,9535.7402
2010-07-09,9585.3203
2010-07-12,9548.1104
2010-07-13,9537.2305
2010-07-14,9795.2402
2010-07-15,9685.5303
2010-07-16,9408.3604
2010-07-21,9278.8301
2010-07-22,9220.8799
2010-07-23,9430.9600
2010-07-26,9503.6602
2010-07-27,9496.8496
2010-07-28,9753.2695
2010-07-29,9696.0195
2010-07-30,9537.2998
2010-08-02,9570.3096
2010-08-03,9694.0098
2010-08-04,9489.3398
2010-08-05,9653.9199
2010-08-06,9642.1201
2010-08-09,9572.4902
2010-08-10,9551.0498
2010-08-11,9292.8496
2010-08-12,9212.5898
2010-08-13,9253.4600
2010-08-16,9196.6699
2010-08-17,9161.6797
2010-08-18,9240.5400
2010-08-19,9362.6797
2010-08-20,9179.3799
2010-08-23,9116.6904
2010-08-24,8995.1396
2010-08-25,8845.3896
2010-08-26,8906.4805
2010-08-27,8991.0596
2010-08-30,9149.2598
2010-08-31,8824.0596
2010-09-01,8927.0195
2010-09-02,9062.8398
2010-09-03,9114.1299
2010-09-06,9301.3203
2010-09-07,9226.0000
2010-09-08,9024.5996
2010-09-09,9098.3896
2010-09-10,9239.1699
2010-09-13,9321.8203
2010-09-14,9299.3096
2010-09-16,9509.5000
2010-09-17,9626.0898
2010-09-21,9602.1104
2010-09-22,9566.3203
2010-09-24,9471.6699
2010-09-27,9603.1396
2010-09-28,9495.7598
2010-09-29,9559.3799
2010-09-30,9369.3496
2010-10-01,9404.2305
2010-10-04,9381.0596
2010-10-05,9518.7598
2010-10-06,9691.4297
2010-10-07,9684.8096
2010-10-08,9588.8799
2010-10-12,9388.6396
2010-10-13,9403.5098
2010-10-14,9583.5098
2010-10-15,9500.2500
2010-10-18,9498.4902
2010-10-19,9539.4502
2010-10-20,9381.5996
2010-10-21,9376.4805
2010-10-22,9426.7100
2010-10-25,9401.1602
2010-10-26,9377.3799
2010-10-27,9387.0303
2010-10-28,9366.0303
2010-10-29,9202.4502
2010-11-01,9154.7197
2010-11-02,9159.9805
2010-11-04,9358.7803
2010-11-05,9625.9902
2010-11-08,9732.9199
2010-11-09,9694.4902
2010-11-10,9830.5195
2010-11-11,9861.4600
2010-11-12,9724.8096
2010-11-15,9827.5098
2010-11-16,9797.0996
2010-11-17,9811.6602
2010-11-18,10013.6299
2010-11-19,10022.3896
2010-11-22,10115.1904
2010-11-24,10030.1104
2010-11-25,10079.7598
2010-11-26,10039.5596
2010-11-29,10125.9902
2010-11-30,9937.0400
2010-12-01,9988.0498
2010-12-02,10168.5195
2010-12-03,10178.3203
2010-12-06,10167.2305
2010-12-07,10141.0996
2010-12-08,10232.3301
2010-12-09,10285.8799
2010-12-10,10211.9502
2010-12-13,10293.8896
2010-12-14,10316.7695
2010-12-15,10309.7803
2010-12-16,10311.2900
2010-12-17,10303.8301
2010-12-20,10216.4102
2010-12-21,10370.5303
2010-12-22,10346.4805
2010-12-24,10279.1904
2010-12-27,10355.9902
2010-12-28,10292.6299
2010-12-29,10344.5400
2010-12-30,10228.9199
2011-01-04,10398.0996
2011-01-05,10380.7695
2011-01-06,10529.7598
2011-01-07,10541.0400
2011-01-11,10510.6797
2011-01-12,10512.7998
2011-01-13,10589.7598
2011-01-14,10499.0400
2011-01-17,10502.8604
2011-01-18,10518.9805
2011-01-19,10557.0996
2011-01-20,10437.3096
2011-01-21,10274.5195
2011-01-24,10345.1104
2011-01-25,10464.4199
2011-01-26,10401.9004
2011-01-27,10478.6602
2011-01-28,10360.3398
2011-01-31,10237.9199
2011-02-01,10274.5000
2011-02-02,10457.3604
2011-02-03,10431.3604
2011-02-04,10543.5195
2011-02-07,10592.0400
2011-02-08,10635.9805
2011-02-09,10617.8301
2011-02-10,10605.6504
2011-02-14,10725.5400
2011-02-15,10746.6699
2011-02-16,10808.2900
2011-02-17,10836.6396
2011-02-18,10842.7998
2011-02-21,10857.5303
2011-02-22,10664.7002
2011-02-23,10579.0996
2011-02-24,10452.7100
2011-02-25,10526.7598
2011-02-28,10624.0898
2011-03-01,10754.0303
2011-03-02,10492.3799
2011-03-03,10586.0195
2011-03-04,10693.6602
2011-03-07,10505.0195
2011-03-08,10525.1904
2011-03-09,10589.5000
2011-03-10,10434.3799
2011-03-11,10254.4297
2011-03-14,9620.4902
2011-03-15,8605.1504
2011-03-16,9093.7197
2011-03-17,8962.6699
2011-03-18,9206.7500
2011-03-22,9608.3203
2011-03-23,9449.4697
2011-03-24,9435.0098
2011-03-25,9536.1299
2011-03-28,9478.5303
2011-03-29,9459.0801
2011-03-30,9708.7900
2011-03-31,9755.0996
2011-04-01,9708.3896
2011-04-04,9718.8896
2011-04-05,9615.5498
2011-04-06,9584.3701
2011-04-07,9590.9297
2011-04-08,9768.0801
2011-04-11,9719.7002
2011-04-12,9555.2598
2011-04-13,9641.1797
2011-04-14,9653.9199
2011-04-15,9591.5195
2011-04-18,9556.6504
2011-04-19,9441.0303
2011-04-20,9606.8203
2011-04-21,9685.7695
2011-04-22,9682.2100
2011-04-25,9671.9600
2011-04-26,9558.6904
2011-04-27,9691.8398
2011-04-28,9849.7402
2011-05-02,10004.2002
2011-05-06,9859.2002
2011-05-09,9794.3799
2011-05-10,9818.7598
2011-05-11,9864.2598
2011-05-12,9716.6504
2011-05-13,9648.7695
2011-05-16,9558.2998
2011-05-17,9567.0195
2011-05-18,9662.0801
2011-05-19,9620.8203
2011-05-20,9607.0801
2011-05-23,9460.6299
2011-05-24,9477.1699
2011-05-25,9422.8799
2011-05-26,9562.0498
2011-05-27,9521.9404
2011-05-30,9504.9697
2011-05-31,9693.7305
2011-06-01,9719.6104
2011-06-02,9555.0400
2011-06-03,9492.2100
2011-06-06,9380.3496
2011-06-07,9442.9502
2011-06-08,9449.4600
2011-06-09,9467.1504
2011-06-10,9514.4404
2011-06-13,9448.2100
2011-06-14,9547.7900
2011-06-15,9574.3203
2011-06-16,9411.2803
2011-06-17,9351.4004
2011-06-20,9354.3203
2011-06-21,9459.6602
2011-06-22,9629.4297
2011-06-23,9596.7402
2011-06-24,9678.7100
2011-06-27,9578.3096
2011-06-28,9648.9805
2011-06-29,9797.2598
2011-06-30,9816.0898
2011-07-01,9868.0703
2011-07-04,9965.0898
2011-07-05,9972.4600
2011-07-06,10082.4805
2011-07-07,10071.1396
2011-07-08,10137.7305
2011-07-11,10069.5303
2011-07-12,9925.9199
2011-07-13,9963.1396
2011-07-14,9936.1201
2011-07-15,9974.4697
2011-07-19,9889.7197
2011-07-20,10005.9004
2011-07-21,10010.3896
2011-07-22,10132.1104
2011-07-25,10050.0098
2011-07-26,10097.7197
2011-07-27,10047.1904
2011-07-28,9901.3496
2011-07-29,9833.0303
2011-08-01,9965.0098
2011-08-02,9844.5898
2011-08-03,9637.1396
2011-08-04,9659.1797
2011-08-05,9299.8799
2011-08-08,9097.5596
2011-08-09,8944.4805
2011-08-10,9038.7402
2011-08-11,8981.9404
2011-08-12,8963.7197
2011-08-15,9086.4102
2011-08-16,9107.4297
2011-08-17,9057.2598
2011-08-18,8943.7598
2011-08-19,8719.2402
2011-08-22,8628.1299
2011-08-23,8733.0098
2011-08-24,8639.6104
2011-08-25,8772.3604
2011-08-26,8797.7803
2011-08-29,8851.3496
2011-08-30,8953.9004
2011-08-31,8955.2002
2011-09-01,9060.7998
2011-09-02,8950.7402
2011-09-05,8784.4600
2011-09-06,8590.5703
2011-09-07,8763.4102
2011-09-08,8793.1201
2011-09-09,8737.6602
2011-09-12,8535.6699
2011-09-13,8616.5498
2011-09-14,8518.5703
2011-09-15,8668.8604
2011-09-16,8864.1602
2011-09-20,8721.2402
2011-09-21,8741.1602
2011-09-22,8560.2598
2011-09-26,8374.1299
2011-09-27,8609.9502
2011-09-28,8615.6504
2011-09-29,8701.2305
2011-09-30,8700.2900
2011-10-03,8545.4805
2011-10-04,8456.1201
2011-10-05,8382.9805
2011-10-06,8522.0195
2011-10-07,8605.6201
2011-10-11,8773.6797
2011-10-12,8738.9004
2011-10-13,8823.2500
2011-10-14,8747.9600
2011-10-17,8879.5996
2011-10-18,8741.9102
2011-10-19,8772.5400
2011-10-20,8682.1504
2011-10-21,8678.8896
2011-10-24,8843.9805
2011-10-25,8762.3096
2011-10-26,8748.4697
2011-10-27,8926.5400
2011-10-28,9050.4697
2011-10-31,8988.3896
2011-11-01,8835.5195
2011-11-02,8640.4199
2011-11-04,8801.4004
2011-11-07,8767.0898
2011-11-08,8655.5098
2011-11-09,8755.4404
2011-11-10,8500.7998
2011-11-11,8514.4697
2011-11-14,8603.7002
2011-11-15,8541.9297
2011-11-16,8463.1602
2011-11-17,8479.6299
2011-11-18,8374.9102
2011-11-21,8348.2695
2011-11-22,8314.7402
2011-11-24,8165.1802
2011-11-25,8160.0098
2011-11-28,8287.4902
2011-11-29,8477.8203
2011-11-30,8434.6104
2011-12-01,8597.3799
2011-12-02,8643.7500
2011-12-05,8695.9805
2011-12-06,8575.1602
2011-12-07,8722.1699
2011-12-08,8664.5801
2011-12-09,8536.4600
2011-12-12,8653.8203
2011-12-13,8552.8096
2011-12-14,8519.1299
2011-12-15,8377.3701
2011-12-16,8401.7197
2011-12-19,8296.1201
2011-12-20,8336.4805
2011-12-21,8459.9805
2011-12-22,8395.1602
2011-12-26,8479.3398
2011-12-27,8440.5596
2011-12-28,8423.6201
2011-12-29,8398.8896
2011-12-30,8455.3496
2012-01-04,8560.1104
2012-01-05,8488.7100
2012-01-06,8390.3496
2012-01-10,8422.2598
2012-01-11,8447.8799
2012-01-12,8385.5898
2012-01-13,8500.0195
2012-01-16,8378.3604
2012-01-17,8466.4004
2012-01-18,8550.5801
2012-01-19,8639.6797
2012-01-20,8766.3604
2012-01-23,8765.9004
2012-01-24,8785.3301
2012-01-25,8883.6904
2012-01-26,8849.4697
2012-01-27,8841.2197
2012-01-30,8793.0498
2012-01-31,8802.5098
2012-02-01,8809.7900
2012-02-02,8876.8203
2012-02-03,8831.9297
2012-02-06,8929.2002
2012-02-07,8917.5195
2012-02-08,9015.5898
2012-02-09,9002.2402
2012-02-10,8947.1699
2012-02-13,8999.1797
2012-02-14,9052.0703
2012-02-15,9260.3398
2012-02-16,9238.0996
2012-02-17,9384.1699
2012-02-20,9485.0898
2012-02-21,9463.0195
2012-02-22,9554.0000
2012-02-23,9595.5703
2012-02-24,9647.3799
2012-02-27,9633.9297
2012-02-28,9722.5195
2012-02-29,9723.2402
2012-03-01,9707.3701
2012-03-02,9777.0303
2012-03-05,9698.5898
2012-03-06,9637.6299
2012-03-07,9576.0596
2012-03-08,9768.9600
2012-03-09,9929.7402
2012-03-12,9889.8604
2012-03-13,9899.0801
2012-03-14,10050.5195
2012-03-15,10123.2803
2012-03-16,10129.8301
2012-03-19,10141.9902
2012-03-21,10086.4902
2012-03-22,10127.0801
2012-03-23,10011.4697
2012-03-26,10018.2402
2012-03-27,10255.1504
2012-03-28,10182.5703
2012-03-29,10114.7900
2012-03-30,10083.5596
2012-04-02,10109.8701
2012-04-03,10050.3896
2012-04-04,9819.9902
2012-04-05,9767.6104
2012-04-06,9688.4502
2012-04-09,9546.2598
2012-04-10,9538.0195
2012-04-11,9458.7402
2012-04-12,9524.7900
2012-04-13,9637.9902
2012-04-16,9470.6396
2012-04-17,9464.7100
2012-04-18,9667.2598
2012-04-19,9588.3799
2012-04-20,9561.3604
2012-04-23,9542.1699
2012-04-24,9468.0400
2012-04-25,9561.0098
2012-04-26,9561.8301
2012-04-27,9520.8896
2012-05-01,9350.9502
2012-05-02,9380.2500
2012-05-07,9119.1396
2012-05-08,9181.6504
2012-05-09,9045.0596
2012-05-10,9009.6504
2012-05-11,8953.3096
2012-05-14,8973.8398
2012-05-15,8900.7402
2012-05-16,8801.1699
2012-05-17,8876.5898
2012-05-18,8611.3096
2012-05-21,8633.8896
2012-05-22,8729.2900
2012-05-23,8556.5996
2012-05-24,8563.3799
2012-05-25,8580.3896
2012-05-28,8593.1504
2012-05-29,8657.0801
2012-05-30,8633.1904
2012-05-31,8542.7305
2012-06-01,8440.2500
2012-06-04,8295.6299
2012-06-05,8382.0000
2012-06-06,8533.5303
2012-06-07,8639.7197
2012-06-08,8459.2598
2012-06-11,8624.9004
2012-06-12,8536.7197
2012-06-13,8587.8398
2012-06-14,8568.8896
2012-06-15,8569.3203
2012-06-18,8721.0195
2012-06-19,8655.8701
2012-06-20,8752.3096
2012-06-21,8824.0703
2012-06-22,8798.3496
2012-06-25,8734.6201
2012-06-26,8663.9902
2012-06-27,8730.4902
2012-06-28,8874.1104
2012-06-29,9006.7803
2012-07-02,9003.4805
2012-07-03,9066.5898
2012-07-04,9104.1699
2012-07-05,9079.7998
2012-07-06,9020.7500
2012-07-09,8896.8799
2012-07-10,8857.7305
2012-07-11,8851.0000
2012-07-12,8720.0098
2012-07-13,8724.1201
2012-07-17,8755.0000
2012-07-18,8726.7402
2012-07-19,8795.5498
2012-07-20,8669.8701
2012-07-23,8508.3203
2012-07-24,8488.0898
2012-07-25,8365.9004
2012-07-26,8443.0996
2012-07-27,8566.6396
2012-07-30,8635.4404
2012-07-31,8695.0596
2012-08-01,8641.8496
2012-08-02,8653.1797
2012-08-03,8555.1104
2012-08-06,8726.2900
2012-08-07,8803.3096
2012-08-08,8881.1602
2012-08-09,8978.5996
2012-08-10,8891.4404
2012-08-13,8885.1504
2012-08-14,8929.8799
2012-08-15,8925.0400
2012-08-16,9092.7598
2012-08-17,9162.5000
2012-08-20,9171.1602
2012-08-21,9156.9199
2012-08-22,9131.7402
2012-08-23,9178.1201
2012-08-24,9070.7598
2012-08-27,9085.3896
2012-08-28,9033.2900
2012-08-29,9069.8096
2012-08-30,8983.7803
2012-08-31,8839.9102
2012-09-03,8783.8896
2012-09-04,8775.5098
2012-09-05,8679.8203
2012-09-06,8680.5703
2012-09-07,8871.6504
2012-09-10,8869.3701
2012-09-11,8807.3799
2012-09-12,8959.9600
2012-09-13,8995.1504
2012-09-14,9159.3896
2012-09-18,9123.7695
2012-09-19,9232.2100
2012-09-20,9086.9805
2012-09-21,9110.0000
2012-09-24,9069.2900
2012-09-25,9091.5400
2012-09-26,8906.7002
2012-09-27,8949.8701
2012-09-28,8870.1602
2012-10-01,8796.5098
2012-10-02,8786.0498
2012-10-03,8746.8701
2012-10-04,8824.5898
2012-10-05,8863.2998
2012-10-09,8769.5898
2012-10-10,8596.2305
2012-10-11,8546.7803
2012-10-12,8534.1201
2012-10-15,8577.9297
2012-10-16,8701.3096
2012-10-17,8806.5498
2012-10-18,8982.8604
2012-10-19,9002.6797
2012-10-22,9010.7100
2012-10-23,9014.2500
2012-10-24,8954.2998
2012-10-25,9055.2002
2012-10-26,8933.0596
2012-10-29,8929.3398
2012-10-30,8841.9805
2012-10-31,8928.2900
2012-11-01,8946.8701
2012-11-02,9051.2197
2012-11-05,9007.4404
2012-11-06,8975.1504
2012-11-07,8972.8896
2012-11-08,8837.1504
2012-11-09,8757.5996
2012-11-12,8676.4404
2012-11-13,8661.0498
2012-11-14,8664.7305
2012-11-15,8829.7197
2012-11-16,9024.1602
2012-11-19,9153.2002
2012-11-20,9142.6396
2012-11-21,9222.5195
2012-11-22,9366.7998
2012-11-26,9388.9404
2012-11-27,9423.2998
2012-11-28,9308.3496
2012-11-29,9400.8799
2012-11-30,9446.0098
2012-12-03,9458.1797
2012-12-04,9432.4600
2012-12-05,9468.8398
2012-12-06,9545.1602
2012-12-07,9527.3896
2012-12-10,9533.7500
2012-12-11,9525.3203
2012-12-12,9581.4600
2012-12-13,9742.7305
2012-12-14,9737.5596
2012-12-17,9828.8799
2012-12-18,9923.0098
2012-12-19,10160.4004
2012-12-20,10039.3301
2012-12-21,9940.0596
2012-12-25,10080.1201
2012-12-26,10230.3604
2012-12-27,10322.9805
2012-12-28,10395.1797
2013-01-04,10688.1104
2013-01-07,10599.0098
2013-01-08,10508.0596
2013-01-09,10578.5703
2013-01-10,10652.6396
2013-01-11,10801.5703
2013-01-15,10879.0801
2013-01-16,10600.4404
2013-01-17,10609.6396
2013-01-18,10913.2998
2013-01-21,10747.7402
2013-01-22,10709.9297
2013-01-23,10486.9902
2013-01-24,10620.8701
2013-01-25,10926.6504
2013-01-28,10824.3096
2013-01-29,10866.7197
2013-01-30,11113.9502
2013-01-31,11138.6602
2013-02-01,11191.3398
2013-02-04,11260.3496
2013-02-05,11046.9199
2013-02-06,11463.7500
2013-02-07,11357.0703
2013-02-08,11153.1602
2013-02-12,11369.1201
2013-02-13,11251.4102
2013-02-14,11307.2803
2013-02-15,11173.8301
2013-02-18,11407.8701
2013-02-19,11372.3398
2013-02-20,11468.2803
2013-02-21,11309.1299
2013-02-22,11385.9404
2013-02-25,11662.5195
2013-02-26,11398.8096
2013-02-27,11253.9697
2013-02-28,11559.3604
2013-03-01,11606.3799
2013-03-04,11652.2900
2013-03-05,11683.4502
2013-03-06,11932.2695
2013-03-07,11968.0801
2013-03-08,12283.6201
2013-03-11,12349.0498
2013-03-12,12314.8096
2013-03-13,12239.6602
2013-03-14,12381.1904
2013-03-15,12560.9502
2013-03-18,12220.6299
2013-03-19,12468.2305
2013-03-21,12635.6904
2013-03-22,12338.5303
2013-03-25,12546.4600
2013-03-26,12471.6201
2013-03-27,12493.7900
2013-03-28,12335.9600
2013-03-29,12397.9102
2013-04-01,12135.0195
2013-04-02,12003.4297
2013-04-03,12362.2002
2013-04-04,12634.5400
2013-04-05,12833.6396
2013-04-08,13192.5898
2013-04-09,13192.3496
2013-04-10,13288.1299
2013-04-11,13549.1602
2013-04-12,13485.1396
2013-04-15,13275.6602
2013-04-16,13221.4404
2013-04-17,13382.8896
2013-04-18,13220.0703
2013-04-19,13316.4805
2013-04-22,13568.3701
2013-04-23,13529.6504
2013-04-24,13843.4600
2013-04-25,13926.0801
2013-04-26,13884.1299
2013-04-30,13860.8604
2013-05-01,13799.3496
2013-05-02,13694.0400
2013-05-07,14180.2402
2013-05-08,14285.6904
2013-05-09,14191.4805
2013-05-10,14607.5400
2013-05-13,14782.2100
2013-05-14,14758.4199
2013-05-15,15096.0303
2013-05-16,15037.2402
2013-05-17,15138.1201
2013-05-20,15360.8096
2013-05-21,15381.0195
2013-05-22,15627.2598
2013-05-23,14483.9805
2013-05-24,14612.4502
2013-05-27,14142.6504
2013-05-28,14311.9805
2013-05-29,14326.4600
2013-05-30,13589.0303
2013-05-31,13774.5400
2013-06-03,13261.8203
2013-06-04,13533.7598
2013-06-05,13014.8701
2013-06-06,12904.0195
2013-06-07,12877.5303
2013-06-10,13514.2002
2013-06-11,13317.6201
2013-06-12,13289.3203
2013-06-13,12445.3799
2013-06-14,12686.5195
2013-06-17,13033.1201
2013-06-18,13007.2803
2013-06-19,13245.2197
2013-06-20,13014.5801
2013-06-21,13230.1299
2013-06-24,13062.7803
2013-06-25,12969.3398
2013-06-26,12834.0098
2013-06-27,13213.5498
2013-06-28,13677.3203
2013-07-01,13852.5000
2013-07-02,14098.7402
2013-07-03,14055.5596
2013-07-04,14018.9297
2013-07-05,14309.9697
2013-07-08,14109.3398
2013-07-09,14472.9004
2013-07-10,14416.5996
2013-07-11,14472.5801
2013-07-12,14506.2500
2013-07-16,14599.1201
2013-07-17,14615.0400
2013-07-18,14808.5000
2013-07-19,14589.9102
2013-07-22,14658.0400
2013-07-23,14778.5098
2013-07-24,14731.2803
2013-07-25,14562.9297
2013-07-26,14129.9805
2013-07-29,13661.1299
2013-07-30,13869.8203
2013-07-31,13668.3203
2013-08-01,14005.7695
2013-08-02,14466.1602
2013-08-05,14258.0400
2013-08-06,14401.0596
2013-08-07,13824.9404
2013-08-08,13605.5596
2013-08-09,13615.1904
2013-08-12,13519.4297
2013-08-13,13867.0000
2013-08-14,14050.1602
2013-08-15,13752.9404
2013-08-16,13650.1104
2013-08-19,13758.1299
2013-08-20,13396.3799
2013-08-21,13424.3301
2013-08-22,13365.1699
2013-08-23,13660.5498
2013-08-26,13636.2803
2013-08-27,13542.3701
2013-08-28,13338.4600
2013-08-29,13459.7100
2013-08-30,13388.8604
2013-09-02,13572.9199
2013-09-03,13978.4404
2013-09-04,14053.8701
2013-09-05,14064.8203
2013-09-06,13860.8096
2013-09-09,14205.2305
2013-09-10,14423.3604
2013-09-11,14425.0703
2013-09-12,14387.2695
2013-09-13,14404.6699
2013-09-17,14311.6699
2013-09-18,14505.3604
2013-09-19,14766.1797
2013-09-20,14742.4199
2013-09-24,14732.6104
2013-09-25,14620.5303
2013-09-26,14799.1201
2013-09-27,14760.0703
2013-09-30,14455.7998
2013-10-01,14484.7197
2013-10-02,14170.4902
2013-10-03,14157.2500
2013-10-04,14024.3096
2013-10-07,13853.3203
2013-10-08,13894.6104
2013-10-09,14037.8398
2013-10-10,14194.7100
2013-10-11,14404.7402
2013-10-15,14441.5400
2013-10-16,14467.1396
2013-10-17,14586.5098
2013-10-18,14561.5400
2013-10-21,14693.5703
2013-10-22,14713.2500
2013-10-23,14426.0498
2013-10-24,14486.4102
2013-10-25,14088.1904
2013-10-28,14396.0400
2013-10-29,14325.9805
2013-10-30,14502.3496
2013-10-31,14327.9404
2013-11-01,14201.5703
2013-11-05,14225.3701
2013-11-06,14337.3096
2013-11-07,14228.4404
2013-11-08,14086.7998
2013-11-11,14269.8398
2013-11-12,14588.6797
2013-11-13,14567.1602
2013-11-14,14876.4102
2013-11-15,15165.9199
2013-11-18,15164.2998
2013-11-19,15126.5596
2013-11-20,15076.0801
2013-11-21,15365.5996
2013-11-22,15381.7197
2013-11-25,15619.1299
2013-11-26,15515.2402
2013-11-27,15449.6299
2013-11-28,15727.1201
2013-11-29,15661.8701
2013-12-02,15655.0703
2013-12-03,15749.6602
2013-12-04,15407.9404
2013-12-05,15177.4902
2013-12-06,15299.8604
2013-12-09,15650.2100
2013-12-10,15611.3096
2013-12-11,15515.0596
2013-12-12,15341.8203
2013-12-13,15403.1104
2013-12-16,15152.9102
2013-12-17,15278.6299
2013-12-18,15587.7998
2013-12-19,15859.2197
2013-12-20,15870.4199
2013-12-24,15889.3301
2013-12-25,16009.9902
2013-12-26,16174.4404
2013-12-27,16178.9404
2013-12-30,16291.3096
2014-01-06,15908.8799
2014-01-07,15814.3701
2014-01-08,16121.4502
2014-01-09,15880.3301
2014-01-10,15912.0596
2014-01-14,15422.4004
2014-01-15,15808.7305
2014-01-16,15747.2002
2014-01-17,15734.4600
2014-01-20,15641.6797
2014-01-21,15795.9600
2014-01-22,15820.9600
2014-01-23,15695.8896
2014-01-24,15391.5596
2014-01-27,15005.7305
2014-01-28,14980.1602
2014-01-29,15383.9102
2014-01-30,15007.0596
2014-01-31,14914.5303
2014-02-03,14619.1299
2014-02-04,14008.4697
2014-02-05,14180.3799
2014-02-06,14155.1201
2014-02-07,14462.4102
2014-02-10,14718.3398
2014-02-12,14800.0596
2014-02-13,14534.7402
2014-02-14,14313.0303
2014-02-17,14393.1104
2014-02-18,14843.2402
2014-02-19,14766.5303
2014-02-20,14449.1797
2014-02-21,14865.6699
2014-02-24,14837.6797
2014-02-25,15051.5996
2014-02-26,14970.9697
2014-02-27,14923.1104
2014-02-28,14841.0703
2014-03-03,14652.2305
2014-03-04,14721.4805
2014-03-05,14897.6299
2014-03-06,15134.7500
2014-03-07,15274.0703
2014-03-10,15120.1396
2014-03-11,15224.1104
2014-03-12,14830.3896
2014-03-13,14815.9805
2014-03-14,14327.6602
2014-03-17,14277.6699
2014-03-18,14411.2695
2014-03-19,14462.5195
2014-03-20,14224.2305
2014-03-24,14475.2998
2014-03-25,14423.1904
2014-03-26,14477.1602
2014-03-27,14622.8896
2014-03-28,14696.0303
2014-03-31,14827.8301
2014-04-01,14791.9902
2014-04-02,14946.3203
2014-04-03,15071.8799
2014-04-04,15063.7695
2014-04-07,14808.8496
2014-04-08,14606.8799
2014-04-09,14299.6904
2014-04-10,14300.1201
2014-04-11,13960.0498
2014-04-14,13910.1602
2014-04-15,13996.8096
2014-04-16,14417.6797
2014-04-17,14417.5303
2014-04-18,14516.2695
2014-04-21,14512.3799
2014-04-22,14388.7695
2014-04-23,14546.2695
2014-04-24,14404.9902
2014-04-25,14429.2598
2014-04-28,14288.2305
2014-04-30,14304.1104
2014-05-01,14485.1299
2014-05-02,14457.5098
2014-05-07,14033.4502
2014-05-08,14163.7803
2014-05-09,14199.5898
2014-05-12,14149.5195
2014-05-13,14425.4404
2014-05-14,14405.7598
2014-05-15,14298.2100
2014-05-16,14096.5898
2014-05-19,14006.4404
2014-05-20,14075.2500
2014-05-21,14042.1699
2014-05-22,14337.7900
2014-05-23,14462.1699
2014-05-26,14602.5195
2014-05-27,14636.5195
2014-05-28,14670.9502
2014-05-29,14681.7197
2014-05-30,14632.3799
2014-06-02,14935.9199
2014-06-03,15034.2500
2014-06-04,15067.9600
2014-06-05,15079.3701
2014-06-06,15077.2402
2014-06-09,15124.0000
2014-06-10,14994.7998
2014-06-11,15069.4805
2014-06-12,14973.5303
2014-06-13,15097.8398
2014-06-16,14933.2900
2014-06-17,14975.9697
2014-06-18,15115.7998
2014-06-19,15361.1602
2014-06-20,15349.4199
2014-06-23,15369.2803
2014-06-24,15376.2402
2014-06-25,15266.6104
2014-06-26,15308.4902
2014-06-27,15095.0000
2014-06-30,15162.0996
2014-07-01,15326.2002
2014-07-02,15369.9697
2014-07-03,15348.2900
2014-07-04,15437.1299
2014-07-07,15379.4404
2014-07-08,15314.4102
2014-07-09,15302.6504
2014-07-10,15216.4697
2014-07-11,15164.0400
2014-07-14,15296.8203
2014-07-15,15395.1602
2014-07-16,15379.2998
2014-07-17,15370.2598
2014-07-18,15215.7100
2014-07-22,15343.2803
2014-07-23,15328.5596
2014-07-24,15284.4199
2014-07-25,15457.8701
2014-07-28,15529.4004
2014-07-29,15618.0703
2014-07-30,15646.2305
2014-07-31,15620.7695
2014-08-01,15523.1104
2014-08-04,15474.5000
2014-08-05,15320.3096
2014-08-06,15159.7900
2014-08-07,15232.3701
2014-08-08,14778.3701
2014-08-11,15130.5195
2014-08-12,15161.3096
2014-08-13,15213.6299
2014-08-14,15314.5703
2014-08-15,15318.3398
2014-08-18,15322.5996
2014-08-19,15449.7900
2014-08-20,15454.4502
2014-08-21,15586.2002
2014-08-22,15539.1904
2014-08-25,15613.2500
2014-08-26,15521.2197
2014-08-27,15534.8203
2014-08-28,15459.8604
2014-08-29,15424.5898
2014-09-01,15476.5996
2014-09-02,15668.5996
2014-09-03,15728.3496
2014-09-04,15676.1797
2014-09-05,15668.6797
2014-09-08,15705.1104
2014-09-09,15749.1504
2014-09-10,15788.7803
2014-09-11,15909.2002
2014-09-12,15948.2900
2014-09-16,15911.5303
2014-09-17,15888.6699
2014-09-18,16067.5703
2014-09-19,16321.1699
2014-09-22,16205.9004
2014-09-24,16167.4502
2014-09-25,16374.1396
2014-09-26,16229.8604
2014-09-29,16310.6396
2014-09-30,16173.5195
2014-10-01,16082.2500
2014-10-02,15661.9902
2014-10-03,15708.6504
2014-10-06,15890.9502
2014-10-07,15783.8301
2014-10-08,15595.9805
2014-10-09,15478.9297
2014-10-10,15300.5498
2014-10-14,14936.5098
2014-10-15,15073.5195
2014-10-16,14738.3799
2014-10-17,14532.5098
2014-10-20,15111.2305
2014-10-21,14804.2803
2014-10-22,15195.7695
2014-10-23,15138.9600
2014-10-24,15291.6396
2014-10-27,15388.7197
2014-10-28,15329.9102
2014-10-29,15553.9102
2014-10-30,15658.2002
2014-10-31,16413.7598
2014-11-04,16862.4707
2014-11-05,16937.3203
2014-11-06,16792.4805
2014-11-07,16880.3809
2014-11-10,16780.5293
2014-11-11,17124.1094
2014-11-12,17197.0508
2014-11-13,17392.7891
2014-11-14,17490.8301
2014-11-17,16973.8008
2014-11-18,17344.0605
2014-11-19,17288.7500
2014-11-20,17300.8594
2014-11-21,17357.5098
2014-11-25,17407.6191
2014-11-26,17383.5801
2014-11-27,17248.5000
2014-11-28,17459.8496
2014-12-01,17590.0996
2014-12-02,17663.2207
2014-12-03,17720.4297
2014-12-04,17887.2109
2014-12-05,17920.4492
2014-12-08,17935.6406
2014-12-09,17813.3809
2014-12-10,17412.5801
2014-12-11,17257.4004
2014-12-12,17371.5801
2014-12-15,17099.4004
2014-12-16,16755.3203
2014-12-17,16819.7305
2014-12-18,17210.0508
2014-12-19,17621.4004
2014-12-22,17635.1406
2014-12-24,17854.2305
2014-12-25,17808.7500
2014-12-26,17818.9609
2014-12-29,17729.8398
2014-12-30,17450.7695
2015-01-05,17408.7109
2015-01-06,16883.1895
2015-01-07,16885.3301
2015-01-08,17167.0996
2015-01-09,17197.7305
2015-01-13,17087.7109
2015-01-14,16795.9609
2015-01-15,17108.6992
2015-01-16,16864.1602
2015-01-19,17014.2891
2015-01-20,17366.3008
2015-01-21,17280.4805
2015-01-22,17329.0195
2015-01-23,17511.7500
2015-01-26,17468.5195
2015-01-27,17768.3008
2015-01-28,17795.7305
2015-01-29,17606.2207
2015-01-30,17674.3906
2015-02-02,17558.0391
2015-02-03,17335.8496
2015-02-04,17678.7402
2015-02-05,17504.6191
2015-02-06,17648.5000
2015-02-09,17711.9297
2015-02-10,17652.6797
2015-02-12,17979.7207
2015-02-13,17913.3594
2015-02-16,18004.7695
2015-02-17,17987.0898
2015-02-18,18199.1699
2015-02-19,18264.7891
2015-02-20,18332.3008
2015-02-23,18466.9199
2015-02-24,18603.4805
2015-02-25,18585.1992
2015-02-26,18785.7891
2015-02-27,18797.9395
2015-03-02,18826.8809
2015-03-03,18815.1602
2015-03-04,18703.5996
2015-03-05,18751.8398
2015-03-06,18971.0000
2015-03-09,18790.5508
2015-03-10,18665.1094
2015-03-11,18723.5195
2015-03-12,18991.1094
2015-03-13,19254.2500
2015-03-16,19246.0605
2015-03-17,19437.0000
2015-03-18,19544.4805
2015-03-19,19476.5605
2015-03-20,19560.2207
2015-03-23,19754.3594
2015-03-24,19713.4492
2015-03-25,19746.1992
2015-03-26,19471.1191
2015-03-27,19285.6309
2015-03-30,19411.4004
2015-03-31,19206.9902
2015-04-01,19034.8398
2015-04-02,19312.7891
2015-04-03,19435.0801
2015-04-06,19397.9805
2015-04-07,19640.5391
2015-04-08,19789.8105
2015-04-09,19937.7207
2015-04-10,19907.6309
2015-04-13,19905.4609
2015-04-14,19908.6797
2015-04-15,19869.7598
2015-04-16,19885.7695
2015-04-17,19652.8809
2015-04-20,19634.4902
2015-04-21,19909.0898
2015-04-22,20133.9004
2015-04-23,20187.6504
2015-04-24,20020.0391
2015-04-27,19983.3203
2015-04-28,20058.9492
2015-04-30,19520.0098
2015-05-01,19531.6309
2015-05-07,19291.9902
2015-05-08,19379.1895
2015-05-11,19620.9102
2015-05-12,19624.8398
2015-05-13,19764.7207
2015-05-14,19570.2402
2015-05-15,19732.9199
2015-05-18,19890.2695
2015-05-19,20026.3809
2015-05-20,20196.5605
2015-05-21,20202.8691
2015-05-22,20264.4102
2015-05-25,20413.7695
2015-05-26,20437.4805
2015-05-27,20472.5801
2015-05-28,20551.4609
2015-05-29,20563.1504
2015-06-01,20569.8691
2015-06-02,20543.1895
2015-06-03,20473.5098
2015-06-04,20488.1895
2015-06-05,20460.9004
2015-06-08,20457.1895
2015-06-09,20096.3008
2015-06-10,20046.3594
2015-06-11,20382.9707
2015-06-12,20407.0801
2015-06-15,20387.7891
2015-06-16,20257.9395
2015-06-17,20219.2695
2015-06-18,19990.8203
2015-06-19,20174.2402
2015-06-22,20428.1895
2015-06-23,20809.4199
2015-06-24,20868.0293
2015-06-25,20771.4004
2015-06-26,20706.1504
2015-06-29,20109.9492
2015-06-30,20235.7305
2015-07-01,20329.3203
2015-07-02,20522.5000
2015-07-03,20539.7891
2015-07-06,20112.1191
2015-07-07,20376.5898
2015-07-08,19737.6406
2015-07-09,19855.5000
2015-07-10,19779.8301
2015-07-13,20089.7695
2015-07-14,20385.3301
2015-07-15,20463.3301
2015-07-16,20600.1191
2015-07-17,20650.9199
2015-07-21,20841.9707
2015-07-22,20593.6699
2015-07-23,20683.9492
2015-07-24,20544.5293
2015-07-27,20350.0996
2015-07-28,20328.8906
2015-07-29,20302.9102
2015-07-30,20522.8301
2015-07-31,20585.2402
2015-08-03,20548.1094
2015-08-04,20520.3594
2015-08-05,20614.0605
2015-08-06,20664.4395
2015-08-07,20724.5605
2015-08-10,20808.6895
2015-08-11,20720.7500
2015-08-12,20392.7695
2015-08-13,20595.5508
2015-08-14,20519.4492
2015-08-17,20620.2598
2015-08-18,20554.4707
2015-08-19,20222.6309
2015-08-20,20033.5195
2015-08-21,19435.8301
2015-08-24,18540.6797
2015-08-25,17806.6992
2015-08-26,18376.8301
2015-08-27,18574.4395
2015-08-28,19136.3203
2015-08-31,18890.4805
2015-09-01,18165.6895
2015-09-02,18095.4004
2015-09-03,18182.3906
2015-09-04,17792.1602
2015-09-07,17860.4707
2015-09-08,17427.0801
2015-09-09,18770.5098
2015-09-10,18299.6191
2015-09-11,18264.2207
2015-09-14,17965.6992
2015-09-15,18026.4805
2015-09-16,18171.5996
2015-09-17,18432.2695
2015-09-18,18070.2109
2015-09-24,17571.8301
2015-09-25,17880.5098
2015-09-28,17645.1094
2015-09-29,16930.8398
2015-09-30,17388.1504
2015-10-01,17722.4199
2015-10-02,17725.1309
2015-10-05,18005.4902
2015-10-06,18186.0996
2015-10-07,18322.9805
2015-10-08,18141.1699
2015-10-09,18438.6699
2015-10-13,18234.7402
2015-10-14,17891.0000
2015-10-15,18096.9004
2015-10-16,18291.8008
2015-10-19,18131.2305
2015-10-20,18207.1504
2015-10-21,18554.2793
2015-10-22,18435.8691
2015-10-23,18825.3008
2015-10-26,18947.1191
2015-10-27,18777.0391
2015-10-28,18903.0195
2015-10-29,18935.7109
2015-10-30,19083.0996
2015-11-02,18683.2402
2015-11-04,18926.9102
2015-11-05,19116.4102
2015-11-06,19265.5996
2015-11-09,19642.7402
2015-11-10,19671.2598
2015-11-11,19691.3906
2015-11-12,19697.7695
2015-11-13,19596.9102
2015-11-16,19393.6895
2015-11-17,19630.6309
2015-11-18,19649.1797
2015-11-19,19859.8105
2015-11-20,19879.8105
2015-11-24,19924.8906
2015-11-25,19847.5801
2015-11-26,19944.4102
2015-11-27,19883.9395
2015-11-30,19747.4707
2015-12-01,20012.4004
2015-12-02,19938.1309
2015-12-03,19939.9004
2015-12-04,19504.4805
2015-12-07,19698.1504
2015-12-08,19492.5996
2015-12-09,19301.0703
2015-12-10,19046.5508
2015-12-11,19230.4805
2015-12-14,18883.4199
2015-12-15,18565.9004
2015-12-16,19049.9102
2015-12-17,19353.5605
2015-12-18,18986.8008
2015-12-21,18916.0195
2015-12-22,18886.6992
2015-12-24,18789.6895
2015-12-25,18769.0605
2015-12-28,18873.3496
2015-12-29,18982.2305
2015-12-30,19033.7109
2016-01-04,18450.9805
2016-01-05,18374.0000
2016-01-06,18191.3203
2016-01-07,17767.3398
2016-01-08,17697.9609
2016-01-12,17218.9609
2016-01-13,17715.6309
2016-01-14,17240.9492
2016-01-15,17147.1094
2016-01-18,16955.5703
2016-01-19,17048.3691
2016-01-20,16416.1895
2016-01-21,16017.2598
2016-01-22,16958.5293
2016-01-25,17110.9102
2016-01-26,16708.9004
2016-01-27,17163.9199
2016-01-28,17041.4492
2016-01-29,17518.3008
2016-02-01,17865.2305
2016-02-02,17750.6797
2016-02-03,17191.2500
2016-02-04,17044.9902
2016-02-05,16819.5898
2016-02-08,17004.3008
2016-02-09,16085.4404
2016-02-10,15713.3896
2016-02-12,14952.6104
2016-02-15,16022.5801
2016-02-16,16054.4297
2016-02-17,15836.3604
2016-02-18,16196.7998
2016-02-19,15967.1699
2016-02-22,16111.0498
2016-02-23,16052.0498
2016-02-24,15915.7900
2016-02-25,16140.3398
2016-02-26,16188.4102
2016-02-29,16026.7598
2016-03-01,16085.5098
2016-03-02,16746.5508
2016-03-03,16960.1602
2016-03-04,17014.7793
2016-03-07,16911.3203
2016-03-08,16783.1504
2016-03-09,16642.1992
2016-03-10,16852.3496
2016-03-11,16938.8691
2016-03-14,17233.7500
2016-03-15,17117.0703
2016-03-16,16974.4492
2016-03-17,16936.3809
2016-03-18,16724.8105
2016-03-22,17048.5508
2016-03-23,17000.9805
2016-03-24,16892.3301
2016-03-25,17002.7500
2016-03-28,17134.3691
2016-03-29,17103.5293
2016-03-30,16878.9609
2016-03-31,16758.6699
2016-04-01,16164.1602
2016-04-04,16123.2695
2016-04-05,15732.8203
2016-04-06,15715.3604
2016-04-07,15749.8398
2016-04-08,15821.5195
2016-04-11,15751.1299
2016-04-12,15928.7900
2016-04-13,16381.2197
2016-04-14,16911.0508
2016-04-15,16848.0293
2016-04-18,16275.9502
2016-04-19,16874.4395
2016-04-20,16906.5391
2016-04-21,17363.6191
2016-04-22,17572.4902
2016-04-25,17439.3008
2016-04-26,17353.2793
2016-04-27,17290.4902
2016-04-28,16666.0508
2016-05-02,16147.3799
2016-05-06,16106.7197
2016-05-09,16216.0303
2016-05-10,16565.1895
2016-05-11,16579.0098
2016-05-12,16646.3398
2016-05-13,16412.2109
2016-05-16,16466.4004
2016-05-17,16652.8008
2016-05-18,16644.6895
2016-05-19,16646.6602
2016-05-20,16736.3496
2016-05-23,16654.5996
2016-05-24,16498.7598
2016-05-25,16757.3496
2016-05-26,16772.4609
2016-05-27,16834.8398
2016-05-30,17068.0195
2016-05-31,17234.9805
2016-06-01,16955.7305
2016-06-02,16562.5508
2016-06-03,16642.2305
2016-06-06,16580.0293
2016-06-07,16675.4492
2016-06-08,16830.9199
2016-06-09,16668.4102
2016-06-10,16601.3594
2016-06-13,16019.1797
2016-06-14,15859.0000
2016-06-15,15919.5801
2016-06-16,15434.1396
2016-06-17,15599.6602
2016-06-20,15965.2998
2016-06-21,16169.1104
2016-06-22,16065.7197
2016-06-23,16238.3496
2016-06-24,14952.0195
2016-06-27,15309.2100
2016-06-28,15323.1396
2016-06-29,15566.8301
2016-06-30,15575.9199
2016-07-01,15682.4805
2016-07-04,15775.7998
2016-07-05,15669.3301
2016-07-06,15378.9902
2016-07-07,15276.2402
2016-07-08,15106.9805
2016-07-11,15708.8203
2016-07-12,16095.6504
2016-07-13,16231.4297
2016-07-14,16385.8906
2016-07-15,16497.8496
2016-07-19,16723.3105
2016-07-20,16681.8906
2016-07-21,16810.2207
2016-07-22,16627.2500
2016-07-25,16620.2891
2016-07-26,16383.0400
2016-07-27,16664.8203
2016-07-28,16476.8398
2016-07-29,16569.2695
2016-08-01,16635.7695
2016-08-02,16391.4492
2016-08-03,16083.1104
2016-08-04,16254.8896
2016-08-05,16254.4502
2016-08-08,16650.5703
2016-08-09,16764.9707
2016-08-10,16735.1191
2016-08-12,16919.9199
2016-08-15,16869.5605
2016-08-16,16596.5098
2016-08-17,16745.6406
2016-08-18,16486.0098
2016-08-19,16545.8203
2016-08-22,16598.1895
2016-08-23,16497.3594
2016-08-24,16597.3008
2016-08-25,16555.9492
2016-08-26,16360.7100
2016-08-29,16737.4902
2016-08-30,16725.3594
2016-08-31,16887.4004
2016-09-01,16926.8398
2016-09-02,16925.6797
2016-09-05,17037.6309
2016-09-06,17081.9805
2016-09-07,17012.4395
2016-09-08,16958.7695
2016-09-09,16965.7598
2016-09-12,16672.9199
2016-09-13,16729.0391
2016-09-14,16614.2402
2016-09-15,16405.0098
2016-09-16,16519.2891
2016-09-20,16492.1504
2016-09-21,16807.6191
2016-09-23,16754.0195
2016-09-26,16544.5605
2016-09-27,16683.9297
2016-09-28,16465.4004
2016-09-29,16693.7109
2016-09-30,16449.8398
2016-10-03,16598.6699
2016-10-04,16735.6504
2016-10-05,16819.2402
2016-10-06,16899.0996
2016-10-07,16860.0898
2016-10-11,17024.7598
2016-10-12,16840.0000
2016-10-13,16774.2402
2016-10-14,16856.3691
2016-10-17,16900.1191
2016-10-18,16963.6094
2016-10-19,16998.9102
2016-10-20,17235.5000
2016-10-21,17184.5898
2016-10-24,17234.4199
2016-10-25,17365.2500
2016-10-26,17391.8398
2016-10-27,17336.4199
2016-10-28,17446.4102
2016-10-31,17425.0195
2016-11-01,17442.4004
2016-11-02,17134.6797
2016-11-04,16905.3594
2016-11-07,17177.2109
2016-11-08,17171.3809
2016-11-09,16251.5400
2016-11-10,17344.4199
2016-11-11,17374.7891
2016-11-14,17672.6191
2016-11-15,17668.1504
2016-11-16,17862.2109
2016-11-17,17862.6309
2016-11-18,17967.4102
2016-11-21,18106.0195
2016-11-22,18162.9395
2016-11-24,18333.4102
2016-11-25,18381.2207
2016-11-28,18356.8906
2016-11-29,18307.0391
2016-11-30,18308.4805
2016-12-01,18513.1191
2016-12-02,18426.0801
2016-12-05,18274.9902
2016-12-06,18360.5391
2016-12-07,18496.6895
2016-12-08,18765.4707
2016-12-09,18996.3691
2016-12-12,19155.0293
2016-12-13,19250.5195
2016-12-14,19253.6094
2016-12-15,19273.7891
2016-12-16,19401.1504
2016-12-19,19391.5996
2016-12-20,19494.5293
2016-12-21,19444.4902
2016-12-22,19427.6699
2016-12-26,19396.6406
2016-12-27,19403.0605
2016-12-28,19401.7207
2016-12-29,19145.1406
2016-12-30,19114.3691
2017-01-04,19594.1602
2017-01-05,19520.6895
2017-01-06,19454.3301
2017-01-10,19301.4395
2017-01-11,19364.6699
2017-01-12,19134.6992
2017-01-13,19287.2793
2017-01-16,19095.2402
2017-01-17,18813.5293
2017-01-18,18894.3691
2017-01-19,19072.2500
2017-01-20,19137.9102
2017-01-23,18891.0293
2017-01-24,18787.9902
2017-01-25,19057.5000
2017-01-26,19402.3906
2017-01-27,19467.4004
2017-01-30,19368.8496
2017-01-31,19041.3398
2017-02-01,19148.0801
2017-02-02,18914.5801
2017-02-03,18918.1992
2017-02-06,18976.7109
2017-02-07,18910.7793
2017-02-08,19007.5996
2017-02-09,18907.6699
2017-02-10,19378.9297
2017-02-13,19459.1504
2017-02-14,19238.9805
2017-02-15,19437.9805
2017-02-16,19347.5293
2017-02-17,19234.6191
2017-02-20,19251.0801
2017-02-21,19381.4395
2017-02-22,19379.8691
2017-02-23,19371.4609
2017-02-24,19283.5391
2017-02-27,19107.4707
2017-02-28,19118.9902
2017-03-01,19393.5391
2017-03-02,19564.8008
2017-03-03,19469.1699
2017-03-06,19379.1406
2017-03-07,19344.1504
2017-03-08,19254.0293
2017-03-09,19318.5801
2017-03-10,19604.6094
2017-03-13,19633.7500
2017-03-14,19609.5000
2017-03-15,19577.3809
2017-03-16,19590.1406
2017-03-17,19521.5898
2017-03-21,19455.8809
2017-03-22,19041.3809
2017-03-23,19085.3105
2017-03-24,19262.5293
2017-03-27,18985.5898
2017-03-28,19202.8691
2017-03-29,19217.4805
2017-03-30,19063.2207
2017-03-31,18909.2598
2017-04-03,18983.2305
2017-04-04,18810.2500
2017-04-05,18861.2695
2017-04-06,18597.0605
2017-04-07,18664.6309
2017-04-10,18797.8809
2017-04-11,18747.8691
2017-04-12,18552.6094
2017-04-13,18426.8398
2017-04-14,18335.6309
2017-04-17,18355.2598
2017-04-18,18418.5898
2017-04-19,18432.1992
2017-04-20,18430.4902
2017-04-21,18620.7500
2017-04-24,18875.8809
2017-04-25,19079.3301
2017-04-26,19289.4297
2017-04-27,19251.8691
2017-04-28,19196.7402
2017-05-01,19310.5195
2017-05-02,19445.6992
2017-05-08,19895.6992
2017-05-09,19843.0000
2017-05-10,19900.0898
2017-05-11,19961.5508
2017-05-12,19883.9004
2017-05-15,19869.8496
2017-05-16,19919.8203
2017-05-17,19814.8809
2017-05-18,19553.8594
2017-05-19,19590.7598
2017-05-22,19678.2793
2017-05-23,19613.2793
2017-05-24,19742.9805
2017-05-25,19813.1309
2017-05-26,19686.8398
2017-05-29,19682.5703
2017-05-30,19677.8496
2017-05-31,19650.5703
2017-06-01,19860.0293
2017-06-02,20177.2793
2017-06-05,20170.8203
2017-06-06,19979.9004
2017-06-07,19984.6191
2017-06-08,19909.2598
2017-06-09,20013.2598
2017-06-12,19908.5801
2017-06-13,19898.7500
2017-06-14,19883.5195
2017-06-15,19831.8203
2017-06-16,19943.2598
2017-06-19,20067.7500
2017-06-20,20230.4102
2017-06-21,20138.7891
2017-06-22,20110.5098
2017-06-23,20132.6699
2017-06-26,20153.3496
2017-06-27,20225.0898
2017-06-28,20130.4102
2017-06-29,20220.3008
2017-06-30,20033.4297
2017-07-03,20055.8008
2017-07-04,20032.3496
2017-07-05,20081.6309
2017-07-06,19994.0605
2017-07-07,19929.0898
2017-07-10,20080.9805
2017-07-11,20195.4805
2017-07-12,20098.3809
2017-07-13,20099.8105
2017-07-14,20118.8594
2017-07-18,19999.9102
2017-07-19,20020.8594
2017-07-20,20144.5898
2017-07-21,20099.7500
2017-07-24,19975.6699
2017-07-25,19955.1992
2017-07-26,20050.1602
2017-07-27,20079.6406
2017-07-28,19959.8398
2017-07-31,19925.1797
2017-08-01,19985.7891
2017-08-02,20080.0391
2017-08-03,20029.2598
2017-08-04,19952.3301
2017-08-07,20055.8906
2017-08-08,19996.0098
2017-08-09,19738.7109
2017-08-10,19729.7402
2017-08-14,19537.0996
2017-08-15,19753.3105
2017-08-16,19729.2793
2017-08-17,19702.6309
2017-08-18,19470.4102
2017-08-21,19393.1309
2017-08-22,19383.8398
2017-08-23,19434.6406
2017-08-24,19353.7695
2017-08-25,19452.6094
2017-08-28,19449.9004
2017-08-29,19362.5508
2017-08-30,19506.5391
2017-08-31,19646.2402
2017-09-01,19691.4707
2017-09-04,19508.2500
2017-09-05,19385.8105
2017-09-06,19357.9707
2017-09-07,19396.5195
2017-09-08,19274.8203
2017-09-11,19545.7695
2017-09-12,19776.6191
2017-09-13,19865.8203
2017-09-14,19807.4395
2017-09-15,19909.5000
2017-09-19,20299.3809
2017-09-20,20310.4609
2017-09-21,20347.4805
2017-09-22,20296.4492
2017-09-25,20397.5801
2017-09-26,20330.1895
2017-09-27,20267.0508
2017-09-28,20363.1094
2017-09-29,20356.2793
2017-10-02,20400.7793
2017-10-03,20614.0703
2017-10-04,20626.6602
2017-10-05,20628.5605
2017-10-06,20690.7109
2017-10-10,20823.5098
2017-10-11,20881.2695
2017-10-12,20954.7207
2017-10-13,21155.1797
2017-10-16,21255.5605
2017-10-17,21336.1191
2017-10-18,21363.0508
2017-10-19,21448.5195
2017-10-20,21457.6406
2017-10-23,21696.6504
2017-10-24,21805.1699
2017-10-25,21707.6191
2017-10-26,21739.7793
2017-10-27,22008.4492
2017-10-30,22011.6699
2017-10-31,22011.6094
2017-11-01,22420.0801
2017-11-02,22539.1191
2017-11-06,22548.3496
2017-11-07,22937.5996
2017-11-08,22913.8203
2017-11-09,22868.7109
2017-11-10,22681.4199
2017-11-13,22380.9902
2017-11-14,22380.0098
2017-11-15,22028.3203
2017-11-16,22351.1191
2017-11-17,22396.8008
2017-11-20,22261.7598
2017-11-21,22416.4805
2017-11-22,22523.1504
2017-11-24,22550.8496
2017-11-27,22495.9902
2017-11-28,22486.2402
2017-11-29,22597.1992
2017-11-30,22724.9609
2017-12-01,22819.0293
2017-12-04,22707.1602
2017-12-05,22622.3809
2017-12-06,22177.0391
2017-12-07,22498.0293
2017-12-08,22811.0801
2017-12-11,22938.7305
2017-12-12,22866.1699
2017-12-13,22758.0703
2017-12-14,22694.4492
2017-12-15,22553.2207
2017-12-18,22901.7695
2017-12-19,22868.0000
2017-12-20,22891.7207
2017-12-21,22866.0996
2017-12-22,22902.7598
2017-12-25,22939.1797
2017-12-26,22892.6895
2017-12-27,22911.2109
2017-12-28,22783.9805
2017-12-29,22764.9395
2018-01-04,23506.3301
2018-01-05,23714.5293
2018-01-09,23849.9902
2018-01-10,23788.1992
2018-01-11,23710.4297
2018-01-12,23653.8203
2018-01-15,23714.8809
2018-01-16,23951.8105
2018-01-17,23868.3398
2018-01-18,23763.3691
2018-01-19,23808.0605
2018-01-22,23816.3301
2018-01-23,24124.1504
2018-01-24,23940.7793
2018-01-25,23669.4902
2018-01-26,23631.8809
2018-01-29,23629.3398
2018-01-30,23291.9707
2018-01-31,23098.2891
2018-02-01,23486.1094
2018-02-02,23274.5293
2018-02-05,22682.0801
2018-02-06,21610.2402
2018-02-07,21645.3691
2018-02-08,21890.8594
2018-02-09,21382.6191
2018-02-13,21244.6797
2018-02-14,21154.1699
2018-02-15,21464.9805
2018-02-16,21720.2500
2018-02-19,22149.2109
2018-02-20,21925.0996
2018-02-21,21970.8105
2018-02-22,21736.4395
2018-02-23,21892.7793
2018-02-26,22153.6309
2018-02-27,22389.8594
2018-02-28,22068.2402
2018-03-01,21724.4707
2018-03-02,21181.6406
2018-03-05,21042.0898
2018-03-06,21417.7598
2018-03-07,21252.7207
2018-03-08,21368.0703
2018-03-09,21469.1992
2018-03-12,21824.0293
2018-03-13,21968.0996
2018-03-14,21777.2891
2018-03-15,21803.9492
2018-03-16,21676.5098
2018-03-19,21480.9004
2018-03-20,21380.9707
2018-03-22,21591.9902
2018-03-23,20617.8594
2018-03-26,20766.0996
2018-03-27,21317.3203
2018-03-28,21031.3105
2018-03-29,21159.0801
2018-03-30,21454.3008
2018-04-02,21388.5801
2018-04-03,21292.2891
2018-04-04,21319.5508
2018-04-05,21645.4199
2018-04-06,21567.5195
2018-04-09,21678.2598
2018-04-10,21794.3203
2018-04-11,21687.0996
2018-04-12,21660.2793
2018-04-13,21778.7402
2018-04-16,21835.5293
2018-04-17,21847.5898
2018-04-18,22158.1992
2018-04-19,22191.1797
2018-04-20,22162.2402
2018-04-23,22088.0391
2018-04-24,22278.1191
2018-04-25,22215.3203
2018-04-26,22319.6094
2018-04-27,22467.8691
2018-05-01,22508.0293
2018-05-02,22472.7793
2018-05-07,22467.1602
2018-05-08,22508.6895
2018-05-09,22408.8809
2018-05-10,22497.1797
2018-05-11,22758.4805
2018-05-14,22865.8594
2018-05-15,22818.0195
2018-05-16,22717.2305
2018-05-17,22838.3691
2018-05-18,22930.3594
2018-05-21,23002.3691
2018-05-22,22960.3398
2018-05-23,22689.7402
2018-05-24,22437.0098
2018-05-25,22450.7891
2018-05-28,22481.0898
2018-05-29,22358.4297
2018-05-30,22018.5195
2018-05-31,22201.8203
2018-06-01,22171.3496
2018-06-04,22475.9395
2018-06-05,22539.5391
2018-06-06,22625.7305
2018-06-07,22823.2598
2018-06-08,22694.5000
2018-06-11,22804.0391
2018-06-12,22878.3496
2018-06-13,22966.3809
2018-06-14,22738.6094
2018-06-15,22851.7500
2018-06-18,22680.3301
2018-06-19,22278.4805
2018-06-20,22555.4297
2018-06-21,22693.0391
2018-06-22,22516.8301
2018-06-25,22338.1504
2018-06-26,22342.0000
2018-06-27,22271.7695
2018-06-28,22270.3906
2018-06-29,22304.5098
2018-07-02,21811.9297
2018-07-03,21785.5391
2018-07-04,21717.0391
2018-07-05,21546.9902
2018-07-06,21788.1406
2018-07-09,22052.1797
2018-07-10,22196.8906
2018-07-11,21932.2109
2018-07-12,22187.9609
2018-07-13,22597.3496
2018-07-16,22597.3496
2018-07-17,22697.3594
2018-07-18,22794.1895
2018-07-19,22764.6797
2018-07-20,22697.8809
2018-07-23,22396.9902
2018-07-24,22510.4805
2018-07-25,22614.2500
2018-07-26,22586.8691
2018-07-27,22712.7500
2018-07-30,22544.8398
2018-07-31,22553.7207
2018-08-01,22746.6992
2018-08-02,22512.5293
2018-08-03,22525.1797
2018-08-06,22507.3203
2018-08-07,22662.7402
2018-08-08,22644.3105
2018-08-09,22598.3906
2018-08-10,22298.0801
2018-08-13,21857.4297
2018-08-14,22356.0801
2018-08-15,22204.2207
2018-08-16,22192.0391
2018-08-17,22270.3809
2018-08-20,22199.0000
2018-08-21,22219.7305
2018-08-22,22362.5508
2018-08-23,22410.8203
2018-08-24,22601.7695
2018-08-27,22799.6406
2018-08-28,22813.4707
2018-08-29,22848.2207
2018-08-30,22869.5000
2018-08-31,22865.1504
2018-09-03,22707.3809
2018-09-04,22696.9004
2018-09-05,22580.8301
2018-09-06,22487.9395
2018-09-07,22307.0605
2018-09-10,22373.0898
2018-09-11,22664.6895
2018-09-12,22604.6094
2018-09-13,22821.3203
2018-09-14,23094.6699
2018-09-18,23420.5391
2018-09-19,23672.5195
2018-09-20,23674.9297
2018-09-21,23869.9297
2018-09-25,23940.2598
2018-09-26,24033.7891
2018-09-27,23796.7402
2018-09-28,24120.0391
2018-10-01,24245.7598
2018-10-02,24270.6191
2018-10-03,24110.9609
2018-10-04,23975.6191
2018-10-05,23783.7207
2018-10-09,23469.3906
2018-10-10,23506.0391
2018-10-11,22590.8594
2018-10-12,22694.6602
2018-10-15,22271.3008
2018-10-16,22549.2402
2018-10-17,22841.1191
2018-10-18,22658.1602
2018-10-19,22532.0801
2018-10-22,22614.8203
2018-10-23,22010.7793
2018-10-24,22091.1797
2018-10-25,21268.7305
2018-10-26,21184.5996
2018-10-29,21149.8008
2018-10-30,21457.2891
2018-10-31,21920.4609
2018-11-01,21687.6504
2018-11-02,22243.6602
2018-11-05,21898.9902
2018-11-06,22147.7500
2018-11-07,22085.8008
2018-11-08,22486.9199
2018-11-09,22250.2500
2018-11-12,22269.8809
2018-11-13,21810.5195
2018-11-14,21846.4805
2018-11-15,21803.6191
2018-11-16,21680.3398
2018-11-19,21821.1602
2018-11-20,21583.1191
2018-11-21,21507.5391
2018-11-22,21646.5508
2018-11-26,21812.0000
2018-11-27,21952.4004
2018-11-28,22177.0195
2018-11-29,22262.5996
2018-11-30,22351.0605
2018-12-03,22574.7598
2018-12-04,22036.0508
2018-12-05,21919.3301
2018-12-06,21501.6191
2018-12-07,21678.6797
2018-12-10,21219.5000
2018-12-11,21148.0195
2018-12-12,21602.7500
2018-12-13,21816.1895
2018-12-14,21374.8301
2018-12-17,21506.8809
2018-12-18,21115.4492
2018-12-19,20987.9199
2018-12-20,20392.5801
2018-12-21,20166.1895
2018-12-25,19155.7402
2018-12-26,19327.0605
2018-12-27,20077.6191
2018-12-28,20014.7695
2019-01-04,19561.9609
2019-01-07,20038.9707
2019-01-08,20204.0391
2019-01-09,20427.0605
2019-01-10,20163.8008
2019-01-11,20359.6992
2019-01-15,20555.2891
2019-01-16,20442.7500
2019-01-17,20402.2695
2019-01-18,20666.0703
2019-01-21,20719.3301
2019-01-22,20622.9102
2019-01-23,20593.7207
2019-01-24,20574.6309
2019-01-25,20773.5605
2019-01-28,20649.0000
2019-01-29,20664.6406
2019-01-30,20556.5391
2019-01-31,20773.4902
2019-02-01,20788.3906
2019-02-04,20883.7695
2019-02-05,20844.4492
2019-02-06,20874.0605
2019-02-07,20751.2793
2019-02-08,20333.1699
2019-02-12,20864.2109
2019-02-13,21144.4805
2019-02-14,21139.7109
2019-02-15,20900.6309
2019-02-18,21281.8496
2019-02-19,21302.6504
2019-02-20,21431.4902
2019-02-21,21464.2305
2019-02-22,21425.5098
2019-02-25,21528.2305
2019-02-26,21449.3906
2019-02-27,21556.5098
2019-02-28,21385.1602
2019-03-01,21602.6895
2019-03-04,21822.0391
2019-03-05,21726.2793
2019-03-06,21596.8105
2019-03-07,21456.0098
2019-03-08,21025.5605
2019-03-11,21125.0898
2019-03-12,21503.6895
2019-03-13,21290.2402
2019-03-14,21287.0195
2019-03-15,21450.8496
2019-03-18,21584.5000
2019-03-19,21566.8496
2019-03-20,21608.9199
2019-03-22,21627.3398
2019-03-25,20977.1094
2019-03-26,21428.3906
2019-03-27,21378.7305
2019-03-28,21033.7598
2019-03-29,21205.8105
2019-04-01,21509.0293
2019-04-02,21505.3105
2019-04-03,21713.2109
2019-04-04,21724.9492
2019-04-05,21807.5000
2019-04-08,21761.6504
2019-04-09,21802.5898
2019-04-10,21687.5703
2019-04-11,21711.3809
2019-04-12,21870.5605
2019-04-15,22169.1094
2019-04-16,22221.6602
2019-04-17,22277.9707
2019-04-18,22090.1191
2019-04-19,22200.5605
2019-04-22,22217.9004
2019-04-23,22259.7402
2019-04-24,22200.0000
2019-04-25,22307.5801
2019-04-26,22258.7305
2019-05-07,21923.7207
2019-05-08,21602.5898
2019-05-09,21402.1309
2019-05-10,21344.9199
2019-05-13,21191.2793
2019-05-14,21067.2305
2019-05-15,21188.5605
2019-05-16,21062.9805
2019-05-17,21250.0898
2019-05-20,21301.7305
2019-05-21,21272.4492
2019-05-22,21283.3691
2019-05-23,21151.1406
2019-05-24,21117.2207
2019-05-27,21182.5801
2019-05-28,21260.1406
2019-05-29,21003.3691
2019-05-30,20942.5293
2019-05-31,20601.1895
2019-06-03,20410.8809
2019-06-04,20408.5391
2019-06-05,20776.0996
2019-06-06,20774.0391
2019-06-07,20884.7109
2019-06-10,21134.4199
2019-06-11,21204.2793
2019-06-12,21129.7207
2019-06-13,21032.0000
2019-06-14,21116.8906
2019-06-17,21124.0000
2019-06-18,20972.7109
2019-06-19,21333.8691
2019-06-20,21462.8594
2019-06-21,21258.6406
2019-06-24,21285.9902
2019-06-25,21193.8105
2019-06-26,21086.5898
2019-06-27,21338.1699
2019-06-28,21275.9199
2019-07-01,21729.9707
2019-07-02,21754.2695
2019-07-03,21638.1602
2019-07-04,21702.4492
2019-07-05,21746.3809
2019-07-08,21534.3496
2019-07-09,21565.1504
2019-07-10,21533.4805
2019-07-11,21643.5293
2019-07-12,21685.9004
2019-07-16,21535.2500
2019-07-17,21469.1797
2019-07-18,21046.2402
2019-07-19,21466.9902
2019-07-22,21416.7891
2019-07-23,21620.8809
2019-07-24,21709.5703
2019-07-25,21756.5508
2019-07-26,21658.1504
2019-07-29,21616.8008
2019-07-30,21709.3105
2019-07-31,21521.5293
2019-08-01,21540.9902
2019-08-02,21087.1602
2019-08-05,20720.2891
2019-08-06,20585.3105
2019-08-07,20516.5605
2019-08-08,20593.3496
2019-08-09,20684.8203
2019-08-13,20455.4395
2019-08-14,20655.1309
2019-08-15,20405.6504
2019-08-16,20418.8105
2019-08-19,20563.1602
2019-08-20,20677.2207
2019-08-21,20618.5703
2019-08-22,20628.0098
2019-08-23,20710.9102
2019-08-26,20261.0391
2019-08-27,20456.0801
2019-08-28,20479.4199
2019-08-29,20460.9297
2019-08-30,20704.3691
2019-09-02,20620.1895
2019-09-03,20625.1602
2019-09-04,20649.1406
2019-09-05,21085.9395
2019-09-06,21199.5703
2019-09-09,21318.4199
2019-09-10,21392.0996
2019-09-11,21597.7598
2019-09-12,21759.6094
2019-09-13,21988.2891
2019-09-17,22001.3203
2019-09-18,21960.7109
2019-09-19,22044.4492
2019-09-20,22079.0898
2019-09-24,22098.8398
2019-09-25,22020.1504
2019-09-26,22048.2402
2019-09-27,21878.9004
2019-09-30,21755.8398
2019-10-01,21885.2402
2019-10-02,21778.6094
2019-10-03,21341.7402
2019-10-04,21410.1992
2019-10-07,21375.2500
2019-10-08,21587.7793
2019-10-09,21456.3809
2019-10-10,21551.9805
2019-10-11,21798.8691
2019-10-15,22207.2109
2019-10-16,22472.9199
2019-10-17,22451.8594
2019-10-18,22492.6797
2019-10-21,22548.9004
2019-10-23,22625.3809
2019-10-24,22750.5996
2019-10-25,22799.8105
2019-10-28,22867.2695
2019-10-29,22974.1309
2019-10-30,22843.1191
2019-10-31,22927.0391
2019-11-01,22850.7695
2019-11-05,23251.9902
2019-11-06,23303.8203
2019-11-07,23330.3203
2019-11-08,23391.8691
2019-11-11,23331.8398
2019-11-12,23520.0098
2019-11-13,23319.8691
2019-11-14,23141.5508
2019-11-15,23303.3203
2019-11-18,23416.7598
2019-11-19,23292.6504
2019-11-20,23148.5703
2019-11-21,23038.5801
2019-11-22,23112.8809
2019-11-25,23292.8105
2019-11-26,23373.3203
2019-11-27,23437.7695
2019-11-28,23409.1406
2019-11-29,23293.9102
2019-12-02,23529.5000
2019-12-03,23379.8105
2019-12-04,23135.2305
2019-12-05,23300.0898
2019-12-06,23354.4004
2019-12-09,23430.6992
2019-12-10,23410.1895
2019-12-11,23391.8594
2019-12-12,23424.8105
2019-12-13,24023.0996
2019-12-16,23952.3496
2019-12-17,24066.1191
2019-12-18,23934.4297
2019-12-19,23864.8496
2019-12-20,23816.6309
2019-12-23,23821.1094
2019-12-24,23830.5801
2019-12-25,23782.8691
2019-12-26,23924.9199
2019-12-27,23837.7207
2019-12-30,23656.6191
2020-01-06,23204.8594
2020-01-07,23575.7207
2020-01-08,23204.7598
2020-01-09,23739.8691
2020-01-10,23850.5703
2020-01-14,24025.1699
2020-01-15,23916.5801
2020-01-16,23933.1309
2020-01-17,24041.2598
2020-01-20,24083.5098
2020-01-21,23864.5605
2020-01-22,24031.3496
2020-01-23,23795.4395
2020-01-24,23827.1797
2020-01-27,23343.5098
2020-01-28,23215.7109
2020-01-29,23379.4004
2020-01-30,22977.7500
2020-01-31,23205.1797
2020-02-03,22971.9395
2020-02-04,23084.5898
2020-02-05,23319.5605
2020-02-06,23873.5898
2020-02-07,23827.9805
2020-02-10,23685.9805
2020-02-12,23861.2109
2020-02-13,23827.7305
2020-02-14,23687.5898
2020-02-17,23523.2402
2020-02-18,23193.8008
2020-02-19,23400.6992
2020-02-20,23479.1504
2020-02-21,23386.7402
2020-02-25,22605.4102
2020-02-26,22426.1895
2020-02-27,21948.2305
2020-02-28,21142.9609
2020-03-02,21344.0801
2020-03-03,21082.7305
2020-03-04,21100.0605
2020-03-05,21329.1191
2020-03-06,20749.7500
2020-03-09,19698.7598
2020-03-10,19867.1191
2020-03-11,19416.0605
2020-03-12,18559.6309
2020-03-13,17431.0508
2020-03-16,17002.0391
2020-03-17,17011.5293
2020-03-18,16726.5508
2020-03-19,16552.8301
2020-03-23,16887.7793
2020-03-24,18092.3496
2020-03-25,19546.6309
2020-03-26,18664.5996
2020-03-27,19389.4297
2020-03-30,19084.9707
2020-03-31,18917.0098
2020-04-01,18065.4102
2020-04-02,17818.7207
2020-04-03,17820.1895
2020-04-06,18576.3008
2020-04-07,18950.1797
2020-04-08,19353.2402
2020-04-09,19345.7695
2020-04-10,19498.5000
2020-04-13,19043.4004
2020-04-14,19638.8105
2020-04-15,19550.0898
2020-04-16,19290.1992
2020-04-17,19897.2598
2020-04-20,19669.1191
2020-04-21,19280.7793
2020-04-22,19137.9492
2020-04-23,19429.4395
2020-04-24,19262.0000
2020-04-27,19783.2207
2020-04-28,19771.1895
2020-04-30,20193.6895
2020-05-01,19619.3496
2020-05-07,19674.7695
2020-05-08,20179.0898
2020-05-11,20390.6602
2020-05-12,20366.4805
2020-05-13,20267.0508
2020-05-14,19914.7793
2020-05-15,20037.4707
2020-05-18,20133.7305
2020-05-19,20433.4492
2020-05-20,20595.1504
2020-05-21,20552.3105
2020-05-22,20388.1602
2020-05-25,20741.6504
2020-05-26,21271.1699
2020-05-27,21419.2305
2020-05-28,21916.3105
2020-05-29,21877.8906
2020-06-01,22062.3906
2020-06-02,22325.6094
2020-06-03,22613.7598
2020-06-04,22695.7402
2020-06-05,22863.7305
2020-06-08,23178.0996
2020-06-09,23091.0293
2020-06-10,23124.9492
2020-06-11,22472.9102
2020-06-12,22305.4805
2020-06-15,21530.9492
2020-06-16,22582.2109
2020-06-17,22455.7598
2020-06-18,22355.4609
2020-06-19,22478.7891
2020-06-22,22437.2695
2020-06-23,22549.0508
2020-06-24,22534.3203
2020-06-25,22259.7891
2020-06-26,22512.0801
2020-06-29,21995.0391
2020-06-30,22288.1406
2020-07-01,22121.7305
2020-07-02,22145.9609
2020-07-03,22306.4805
2020-07-06,22714.4395
2020-07-07,22614.6895
2020-07-08,22438.6504
2020-07-09,22529.2891
2020-07-10,22290.8105
2020-07-13,22784.7402
2020-07-14,22587.0098
2020-07-15,22945.5000
2020-07-16,22770.3594
2020-07-17,22696.4199
2020-07-20,22717.4805
2020-07-21,22884.2207
2020-07-22,22751.6094
2020-07-27,22715.8496
2020-07-28,22657.3809
2020-07-29,22397.1094
2020-07-30,22339.2305
2020-07-31,21710.0000
2020-08-03,22195.3809
2020-08-04,22573.6602
2020-08-05,22514.8496
2020-08-06,22418.1504
2020-08-07,22329.9395
2020-08-11,22750.2402
2020-08-12,22843.9609
2020-08-13,23249.6094
2020-08-14,23289.3594
2020-08-17,23096.7500
2020-08-18,23051.0801
2020-08-19,23110.6094
2020-08-20,22880.6191
2020-08-21,22920.3008
2020-08-24,22985.5098
2020-08-25,23296.7695
2020-08-26,23290.8594
2020-08-27,23208.8594
2020-08-28,22882.6504
2020-08-31,23139.7598
2020-09-01,23138.0703
2020-09-02,23247.1504
2020-09-03,23465.5293
2020-09-04,23205.4297
2020-09-07,23089.9492
2020-09-08,23274.1309
2020-09-09,23032.5391
2020-09-10,23235.4707
2020-09-11,23406.4902
2020-09-14,23559.3008
2020-09-15,23454.8906
2020-09-16,23475.5293
2020-09-17,23319.3691
2020-09-18,23360.3008
2020-09-23,23346.4902
2020-09-24,23087.8203
2020-09-25,23204.6191
2020-09-28,23511.6191
2020-09-29,23539.0996
2020-09-30,23185.1191
2020-10-02,23029.9004
2020-10-05,23312.1406
2020-10-06,23433.7305
2020-10-07,23422.8203
2020-10-08,23647.0703
2020-10-09,23619.6895
2020-10-12,23558.6895
2020-10-13,23601.7793
2020-10-14,23626.7305
2020-10-15,23507.2305
2020-10-16,23410.6309
2020-10-19,23671.1309
2020-10-20,23567.0391
2020-10-21,23639.4609
2020-10-22,23474.2695
2020-10-23,23516.5898
2020-10-26,23494.3398
2020-10-27,23485.8008
2020-10-28,23418.5098
2020-10-29,23331.9395
2020-10-30,22977.1309
2020-11-02,23295.4805
2020-11-04,23695.2305
2020-11-05,24105.2793
2020-11-06,24325.2305
2020-11-09,24839.8398
2020-11-10,24905.5898
2020-11-11,25349.5996
2020-11-12,25520.8809
2020-11-13,25385.8691
2020-11-16,25906.9297
2020-11-17,26014.6191
2020-11-18,25728.1406
2020-11-19,25634.3398
2020-11-20,25527.3691
2020-11-24,26165.5898
2020-11-25,26296.8594
2020-11-26,26537.3105
2020-11-27,26644.7109
2020-11-30,26433.6191
2020-12-01,26787.5391
2020-12-02,26800.9805
2020-12-03,26809.3691
2020-12-04,26751.2402
2020-12-07,26547.4395
2020-12-08,26467.0801
2020-12-09,26817.9395
2020-12-10,26756.2402
2020-12-11,26652.5195
2020-12-14,26732.4395
2020-12-15,26687.8398
2020-12-16,26757.4004
2020-12-17,26806.6699
2020-12-18,26763.3906
2020-12-21,26714.4199
2020-12-22,26436.3906
2020-12-23,26524.7891
2020-12-24,26668.3496
2020-12-25,26656.6094
2020-12-28,26854.0293
2020-12-29,27568.1504
2020-12-30,27444.1699
2021-01-04,27258.3809
2021-01-05,27158.6309
2021-01-06,27055.9395
2021-01-07,27490.1309
2021-01-08,28139.0293
2021-01-12,28164.3398
2021-01-13,28456.5898
2021-01-14,28698.2598
2021-01-15,28519.1797
2021-01-18,28242.2109
2021-01-19,28633.4609
2021-01-20,28523.2598
2021-01-21,28756.8594
2021-01-22,28631.4492
2021-01-25,28822.2891
2021-01-26,28546.1797
2021-01-27,28635.2109
2021-01-28,28197.4199
2021-01-29,27663.3906
2021-02-01,28091.0508
2021-02-02,28362.1699
2021-02-03,28646.5000
2021-02-04,28341.9492
2021-02-05,28779.1895
2021-02-08,29388.5000
2021-02-09,29505.9297
2021-02-10,29562.9297
2021-02-12,29520.0703
2021-02-15,30084.1504
2021-02-16,30467.7500
2021-02-17,30292.1895
2021-02-18,30236.0898
2021-02-19,30017.9199
2021-02-22,30156.0293
2021-02-24,29671.6992
2021-02-25,30168.2695
2021-02-26,28966.0098
2021-03-01,29663.5000
2021-03-02,29408.1699
2021-03-03,29559.0996
2021-03-04,28930.1094
2021-03-05,28864.3203
2021-03-08,28743.2500
2021-03-09,29027.9395
2021-03-10,29036.5605
2021-03-11,29211.6406
2021-03-12,29717.8301
2021-03-15,29766.9707
2021-03-16,29921.0898
2021-03-17,29914.3301
2021-03-18,30216.7500
2021-03-19,29792.0508
2021-03-22,29174.1504
2021-03-23,28995.9199
2021-03-24,28405.5195
2021-03-25,28729.8809
2021-03-26,29176.6992
2021-03-29,29384.5195
2021-03-30,29432.6992
2021-03-31,29178.8008
2021-04-01,29388.8691
2021-04-02,29854.0000
2021-04-05,30089.2500
2021-04-06,29696.6309
2021-04-07,29730.7891
2021-04-08,29708.9805
2021-04-09,29768.0605
2021-04-12,29538.7305
2021-04-13,29751.6094
2021-04-14,29620.9902
2021-04-15,29642.6895
2021-04-16,29683.3691
2021-04-19,29685.3691
2021-04-20,29100.3809
2021-04-21,28508.5508
2021-04-22,29188.1699
2021-04-23,29020.6309
2021-04-26,29126.2305
2021-04-27,28991.8906
2021-04-28,29053.9707
2021-04-30,28812.6309
2021-05-06,29331.3691
2021-05-07,29357.8203
2021-05-10,29518.3398
2021-05-11,28608.5898
2021-05-12,28147.5098
2021-05-13,27448.0098
2021-05-14,28084.4707
2021-05-17,27824.8301
2021-05-18,28406.8398
2021-05-19,28044.4492
2021-05-20,28098.2500
2021-05-21,28317.8301
2021-05-24,28364.6094
2021-05-25,28553.9805
2021-05-26,28642.1895
2021-05-27,28549.0098
2021-05-28,29149.4102
2021-05-31,28860.0801
2021-06-01,28814.3398
2021-06-02,28946.1406
2021-06-03,29058.1094
2021-06-04,28941.5195
2021-06-07,29019.2402
2021-06-08,28963.5605
2021-06-09,28860.8008
2021-06-10,28958.5605
2021-06-11,28948.7305
2021-06-14,29161.8008
2021-06-15,29441.3008
2021-06-16,29291.0098
2021-06-17,29018.3301
2021-06-18,28964.0801
2021-06-21,28010.9297
2021-06-22,28884.1309
2021-06-23,28874.8906
2021-06-24,28875.2305
2021-06-25,29066.1797
2021-06-28,29048.0195
2021-06-29,28812.6094
2021-06-30,28791.5293
2021-07-01,28707.0391
2021-07-02,28783.2793
2021-07-05,28598.1895
2021-07-06,28643.2109
2021-07-07,28366.9492
2021-07-08,28118.0293
2021-07-09,27940.4199
2021-07-12,28569.0195
2021-07-13,28718.2402
2021-07-14,28608.4902
2021-07-15,28279.0898
2021-07-16,28003.0801
2021-07-19,27652.7402
2021-07-20,27388.1602
2021-07-21,27548.0000
2021-07-26,27833.2891
2021-07-27,27970.2207
2021-07-28,27581.6602
2021-07-29,27782.4199
2021-07-30,27283.5898
2021-08-02,27781.0195
2021-08-03,27641.8301
2021-08-04,27584.0801
2021-08-05,27728.1191
2021-08-06,27820.0391
2021-08-10,27888.1504
2021-08-11,28070.5098
2021-08-12,28015.0195
2021-08-13,27977.1504
2021-08-16,27523.1895
2021-08-17,27424.4707
2021-08-18,27585.9102
2021-08-19,27281.1699
2021-08-20,27013.2500
2021-08-23,27494.2402
2021-08-24,27732.0996
2021-08-25,27724.8008
2021-08-26,27742.2891
2021-08-27,27641.1406
2021-08-30,27789.2891
2021-08-31,28089.5391
2021-09-01,28451.0195
2021-09-02,28543.5098
2021-09-03,29128.1094
2021-09-06,29659.8906
2021-09-07,29916.1406
2021-09-08,30181.2109
2021-09-09,30008.1895
2021-09-10,30381.8398
2021-09-13,30447.3691
2021-09-14,30670.0996
2021-09-15,30511.7109
2021-09-16,30323.3398
2021-09-17,30500.0508
2021-09-21,29839.7109
2021-09-22,29639.4004
2021-09-24,30248.8105
2021-09-27,30240.0605
2021-09-28,30183.9609
2021-09-29,29544.2891
2021-09-30,29452.6602
2021-10-01,28771.0703
2021-10-04,28444.8906
2021-10-05,27822.1191
2021-10-06,27528.8691
2021-10-07,27678.2109
2021-10-08,28048.9395
2021-10-11,28498.1992
2021-10-12,28230.6094
2021-10-13,28140.2793
2021-10-14,28550.9297
2021-10-15,29068.6309
2021-10-18,29025.4609
2021-10-19,29215.5195
2021-10-20,29255.5508
2021-10-21,28708.5801
2021-10-22,28804.8496
2021-10-25,28600.4102
2021-10-26,29106.0098
2021-10-27,29098.2402
2021-10-28,28820.0898
2021-10-29,28892.6895
2021-11-01,29647.0801
2021-11-02,29520.9004
2021-11-04,29794.3691
2021-11-05,29611.5703
2021-11-08,29507.0508
2021-11-09,29285.4609
2021-11-10,29106.7793
2021-11-11,29277.8594
2021-11-12,29609.9707
2021-11-15,29776.8008
2021-11-16,29808.1191
2021-11-17,29688.3301
2021-11-18,29598.6602
2021-11-19,29745.8691
2021-11-22,29774.1094
2021-11-24,29302.6602
2021-11-25,29499.2793
2021-11-26,28751.6191
2021-11-29,28283.9199
2021-11-30,27821.7598
2021-12-01,27935.6191
2021-12-02,27753.3691
2021-12-03,28029.5703
2021-12-06,27927.3691
2021-12-07,28455.5996
2021-12-08,28860.6191
2021-12-09,28725.4707
2021-12-10,28437.7695
2021-12-13,28640.4902
2021-12-14,28432.6406
2021-12-15,28459.7207
2021-12-16,29066.3203
2021-12-17,28545.6797
2021-12-20,27937.8105
2021-12-21,28517.5898
2021-12-22,28562.2109
2021-12-23,28798.3691
2021-12-24,28782.5898
2021-12-27,28676.4609
2021-12-28,29069.1602
2021-12-29,28906.8809
2021-12-30,28791.7109
2022-01-04,29301.7891
2022-01-05,29332.1602
2022-01-06,28487.8691
2022-01-07,28478.5605
2022-01-11,28222.4805
2022-01-12,28765.6602
2022-01-13,28489.1309
2022-01-14,28124.2793
2022-01-17,28333.5195
2022-01-18,28257.2500
2022-01-19,27467.2305
2022-01-20,27772.9297
2022-01-21,27522.2598
2022-01-24,27588.3691
2022-01-25,27131.3398
2022-01-26,27011.3301
2022-01-27,26170.3008
2022-01-28,26717.3398
2022-01-31,27001.9805
2022-02-01,27078.4805
2022-02-02,27533.5996
2022-02-03,27241.3105
2022-02-04,27439.9902
2022-02-07,27248.8691
2022-02-08,27284.5195
2022-02-09,27579.8691
2022-02-10,27696.0801
2022-02-14,27079.5898
2022-02-15,26865.1895
2022-02-16,27460.4004
2022-02-17,27232.8691
2022-02-18,27122.0703
2022-02-21,26910.8691
2022-02-22,26449.6094
2022-02-24,25970.8203
2022-02-25,26476.5000
2022-02-28,26526.8203
2022-03-01,26844.7207
2022-03-02,26393.0293
2022-03-03,26577.2695
2022-03-04,25985.4707
2022-03-07,25221.4102
2022-03-08,24790.9492
2022-03-09,24717.5293
2022-03-10,25690.4004
2022-03-11,25162.7793
2022-03-14,25307.8496
2022-03-15,25346.4805
2022-03-16,25762.0098
2022-03-17,26652.8906
2022-03-18,26827.4297
2022-03-22,27224.1094
2022-03-23,28040.1602
2022-03-24,28110.3906
2022-03-25,28149.8398
2022-03-28,27943.8906
2022-03-29,28252.4199
2022-03-30,28027.2500
2022-03-31,27821.4297
2022-04-01,27665.9805
2022-04-04,27736.4707
2022-04-05,27787.9805
2022-04-06,27350.3008
2022-04-07,26888.5703
2022-04-08,26985.8008
2022-04-11,26821.5195
2022-04-12,26334.9805
2022-04-13,26843.4902
2022-04-14,27172.0000
2022-04-15,27093.1895
2022-04-18,26799.7109
2022-04-19,26985.0898
2022-04-20,27217.8496
2022-04-21,27553.0605
2022-04-22,27105.2598
2022-04-25,26590.7793
2022-04-26,26700.1094
2022-04-27,26386.6309
2022-04-28,26847.9004
2022-05-02,26818.5293
2022-05-06,27003.5605
2022-05-09,26319.3398
2022-05-10,26167.0996
2022-05-11,26213.6406
2022-05-12,25748.7207
2022-05-13,26427.6504
2022-05-16,26547.0508
2022-05-17,26659.7500
2022-05-18,26911.1992
2022-05-19,26402.8398
2022-05-20,26739.0293
2022-05-23,27001.5195
2022-05-24,26748.1406
2022-05-25,26677.8008
2022-05-26,26604.8398
2022-05-27,26781.6797
2022-05-30,27369.4297
2022-05-31,27279.8008
2022-06-01,27457.8906
2022-06-02,27413.8809
2022-06-03,27761.5703
2022-06-06,27915.8906
2022-06-07,27943.9492
2022-06-08,28234.2891
2022-06-09,28246.5293
2022-06-10,27824.2891
2022-06-13,26987.4395
2022-06-14,26629.8594
2022-06-15,26326.1602
2022-06-16,26431.1992
2022-06-17,25963.0000
2022-06-20,25771.2207
2022-06-21,26246.3105
2022-06-22,26149.5508
2022-06-23,26171.2500
2022-06-24,26491.9707
2022-06-27,26871.2695
2022-06-28,27049.4707
2022-06-29,26804.5996
2022-06-30,26393.0391
2022-07-01,25935.6191
2022-07-04,26153.8105
2022-07-05,26423.4707
2022-07-06,26107.6504
2022-07-07,26490.5293
2022-07-08,26517.1895
2022-07-11,26812.3008
2022-07-12,26336.6602
2022-07-13,26478.7695
2022-07-14,26643.3906
2022-07-15,26788.4707
2022-07-19,26961.6797
2022-07-20,27680.2598
2022-07-21,27803.0000
2022-07-22,27914.6602
2022-07-25,27699.2500
2022-07-26,27655.2109
2022-07-27,27715.7500
2022-07-28,27815.4805
2022-07-29,27801.6406
2022-08-01,27993.3496
2022-08-02,27594.7305
2022-08-03,27741.9004
2022-08-04,27932.1992
2022-08-05,28175.8691
2022-08-08,28249.2402
2022-08-09,27999.9609
2022-08-10,27819.3301
2022-08-12,28546.9805
2022-08-15,28871.7793
2022-08-16,28868.9102
2022-08-17,29222.7695
2022-08-18,28942.1406
2022-08-19,28930.3301
2022-08-22,28794.5000
2022-08-23,28452.7500
2022-08-24,28313.4707
2022-08-25,28479.0098
2022-08-26,28641.3809
2022-08-29,27878.9609
2022-08-30,28195.5801
2022-08-31,28091.5293
2022-09-01,27661.4707
2022-09-02,27650.8398
2022-09-05,27619.6094
2022-09-06,27626.5098
2022-09-07,27430.3008
2022-09-08,28065.2793
2022-09-09,28214.7500
2022-09-12,28542.1094
2022-09-13,28614.6309
2022-09-14,27818.6191
2022-09-15,27875.9102
2022-09-16,27567.6504
2022-09-20,27688.4199
2022-09-21,27313.1309
2022-09-22,27153.8301
2022-09-26,26431.5508
2022-09-27,26571.8691
2022-09-28,26173.9805
2022-09-29,26422.0508
2022-09-30,25937.2109
2022-10-03,26215.7891
2022-10-04,26992.2109
2022-10-05,27120.5293
2022-10-06,27311.3008
2022-10-07,27116.1094
2022-10-11,26401.2500
2022-10-12,26396.8301
2022-10-13,26237.4199
2022-10-14,27090.7598
2022-10-17,26775.7891
2022-10-18,27156.1406
2022-10-19,27257.3809
2022-10-20,27006.9609
2022-10-21,26890.5801
2022-10-24,26974.9004
2022-10-25,27250.2793
2022-10-26,27431.8398
2022-10-27,27345.2402
2022-10-28,27105.1992
2022-10-31,27587.4609
2022-11-01,27678.9199
2022-11-02,27663.3906
2022-11-04,27199.7402
2022-11-07,27527.6406
2022-11-08,27872.1094
2022-11-09,27716.4297
2022-11-10,27446.0996
2022-11-11,28263.5703
2022-11-14,27963.4707
2022-11-15,27990.1699
2022-11-16,28028.3008
2022-11-17,27930.5703
2022-11-18,27899.7695
2022-11-21,27944.7891
2022-11-22,28115.7402
2022-11-24,28383.0898
2022-11-25,28283.0293
2022-11-28,28162.8301
2022-11-29,28027.8398
2022-11-30,27968.9902
2022-12-01,28226.0801
2022-12-02,27777.9004
2022-12-05,27820.4004
2022-12-06,27885.8691
2022-12-07,27686.4004
2022-12-08,27574.4297
2022-12-09,27901.0098
2022-12-12,27842.3301
2022-12-13,27954.8496
2022-12-14,28156.2109
2022-12-15,28051.6992
2022-12-16,27527.1191
2022-12-19,27237.6406
2022-12-20,26568.0293
2022-12-21,26387.7207
2022-12-22,26507.8691
2022-12-23,26235.2500
2022-12-26,26405.8691
2022-12-27,26447.8691
2022-12-28,26340.5000
2022-12-29,26093.6699
2022-12-30,26094.5000
2023-01-04,25716.8594
2023-01-05,25820.8008
2023-01-06,25973.8496
2023-01-10,26175.5605
2023-01-11,26446.0000
2023-01-12,26449.8203
2023-01-13,26119.5195
2023-01-16,25822.3203
2023-01-17,26138.6797
2023-01-18,26791.1191
2023-01-19,26405.2305
2023-01-20,26553.5293
2023-01-23,26906.0391
2023-01-24,27299.1895
2023-01-25,27395.0098
2023-01-26,27362.7500
2023-01-27,27382.5605
2023-01-30,27433.4004
2023-01-31,27327.1094
2023-02-01,27346.8809
2023-02-02,27402.0508
2023-02-03,27509.4609
2023-02-06,27693.6504
2023-02-07,27685.4707
2023-02-08,27606.4609
2023-02-09,27584.3496
2023-02-10,27670.9805
2023-02-13,27427.3203
2023-02-14,27602.7695
2023-02-15,27501.8594
2023-02-16,27696.4395
2023-02-17,27513.1309
2023-02-20,27531.9395
2023-02-21,27473.0996
2023-02-22,27104.3203
2023-02-24,27453.4805
2023-02-27,27423.9609
2023-02-28,27445.5605
2023-03-01,27516.5293
2023-03-02,27498.8691
2023-03-03,27927.4707
2023-03-06,28237.7793
2023-03-07,28309.1602
2023-03-08,28444.1895
2023-03-09,28623.1504
2023-03-10,28143.9707
2023-03-13,27832.9609
2023-03-14,27222.0391
2023-03-15,27229.4805
2023-03-16,27010.6094
2023-03-17,27333.7891
2023-03-20,26945.6699
2023-03-22,27466.6094
2023-03-23,27419.6094
2023-03-24,27385.2500
2023-03-27,27476.8691
2023-03-28,27518.2500
2023-03-29,27883.7793
2023-03-30,27782.9297
2023-03-31,28041.4805
2023-04-03,28188.1504
2023-04-04,28287.4199
2023-04-05,27813.2598
2023-04-06,27472.6309
2023-04-07,27518.3105
2023-04-10,27633.6602
2023-04-11,27923.3691
2023-04-12,28082.6992
2023-04-13,28156.9707
2023-04-14,28493.4707
2023-04-17,28514.7793
2023-04-18,28658.8301
2023-04-19,28606.7598
2023-04-20,28657.5703
2023-04-21,28564.3691
2023-04-24,28593.5195
2023-04-25,28620.0703
2023-04-26,28416.4707
2023-04-27,28457.6797
2023-04-28,28856.4395
2023-05-01,29123.1797
2023-05-02,29157.9492
2023-05-08,28949.8809
2023-05-09,29242.8203
2023-05-10,29122.1797
2023-05-11,29126.7207
2023-05-12,29388.3008
2023-05-15,29626.3398
2023-05-16,29842.9902
2023-05-17,30093.5898
2023-05-18,30573.9297
2023-05-19,30808.3496
2023-05-22,31086.8203
2023-05-23,30957.7695
2023-05-24,30682.6797
2023-05-25,30801.1309
2023-05-26,30916.3105
2023-05-29,31233.5391
2023-05-30,31328.1602
2023-05-31,30887.8809
2023-06-01,31148.0098
2023-06-02,31524.2207
2023-06-05,32217.4297
2023-06-06,32506.7793
2023-06-07,31913.7402
2023-06-08,31641.2695
2023-06-09,32265.1699
2023-06-12,32434.0000
2023-06-13,33018.6484
2023-06-14,33502.4219
2023-06-15,33485.4883
2023-06-16,33706.0781
2023-06-19,33370.4219
2023-06-20,33388.9102
2023-06-21,33575.1406
2023-06-22,33264.8789
2023-06-23,32781.5391
2023-06-26,32698.8105
2023-06-27,32538.3301
2023-06-28,33193.9883
2023-06-29,33234.1406
2023-06-30,33189.0391
2023-07-03,33753.3281
2023-07-04,33422.5195
2023-07-05,33338.6992
2023-07-06,32773.0195
2023-07-07,32388.4199
2023-07-10,32189.7305
2023-07-11,32203.5703
2023-07-12,31943.9297
2023-07-13,32419.3301
2023-07-14,32391.2598
2023-07-18,32493.8906
2023-07-19,32896.0312
2023-07-20,32490.5195
2023-07-21,32304.2500
2023-07-24,32700.9395
2023-07-25,32682.5098
2023-07-26,32668.3398
2023-07-27,32891.1602
2023-07-28,32759.2305
2023-07-31,33172.2188
2023-08-01,33476.5781
2023-08-02,32707.6895
2023-08-03,32159.2793
2023-08-04,32192.7500
2023-08-07,32254.5605
2023-08-08,32377.2891
2023-08-09,32204.3301
2023-08-10,32473.6504
2023-08-14,32059.9102
2023-08-15,32238.8906
2023-08-16,31766.8203
2023-08-17,31626.0000
2023-08-18,31450.7598
2023-08-21,31565.6406
2023-08-22,31856.7109
2023-08-23,32010.2598
2023-08-24,32287.2109
2023-08-25,31624.2793
2023-08-28,32169.9902
2023-08-29,32226.9707
2023-08-30,32333.4609
2023-08-31,32619.3398
2023-09-01,32710.6191
2023-09-04,32939.1797
2023-09-05,33036.7617
2023-09-06,33241.0195
2023-09-07,32991.0781
2023-09-08,32606.8398
2023-09-11,32467.7598
2023-09-12,32776.3711
2023-09-13,32706.5195
2023-09-14,33168.1016
2023-09-15,33533.0898
2023-09-19,33242.5898
2023-09-20,33023.7812
2023-09-21,32571.0293
2023-09-22,32402.4102
2023-09-25,32678.6191
2023-09-26,32315.0508
2023-09-27,32371.9004
2023-09-28,31872.5195
2023-09-29,31857.6191
2023-10-02,31759.8809
2023-10-03,31237.9395
2023-10-04,30526.8809
2023-10-05,31075.3594
2023-10-06,30994.6699
2023-10-10,31746.5293
2023-10-11,31936.5098
2023-10-12,32494.6602
2023-10-13,32315.9902
2023-10-16,31659.0293
2023-10-17,32040.2891
2023-10-18,32042.2500
2023-10-19,31430.6191
2023-10-20,31259.3594
2023-10-23,30999.5508
2023-10-24,31062.3496
2023-10-25,31269.9199
2023-10-26,30601.7793
2023-10-27,30991.6895
2023-10-30,30696.9609
2023-10-31,30858.8496
2023-11-01,31601.6504
2023-11-02,31949.8906
2023-11-06,32708.4805
2023-11-07,32271.8203
2023-11-08,32166.4805
2023-11-09,32646.4609
2023-11-10,32568.1094
2023-11-13,32585.1094
2023-11-14,32695.9297
2023-11-15,33519.6992
2023-11-16,33424.4102
2023-11-17,33585.1992
2023-11-20,33388.0312
2023-11-21,33354.1406
2023-11-22,33451.8281
2023-11-24,33625.5312
2023-11-27,33447.6719
2023-11-28,33408.3906
2023-11-29,33321.2188
2023-11-30,33486.8906
2023-12-01,33431.5117
2023-12-04,33231.2695
2023-12-05,32775.8203
2023-12-06,33445.8984
2023-12-07,32858.3086
2023-12-08,32307.8594
2023-12-11,32791.8008
2023-12-12,32843.6992
2023-12-13,32926.3516
2023-12-14,32686.2500
2023-12-15,32970.5508
2023-12-18,32758.9805
2023-12-19,33219.3906
2023-12-20,33675.9414
2023-12-21,33140.4688
2023-12-22,33169.0508
2023-12-25,33254.0312
2023-12-26,33305.8516
2023-12-27,33681.2383
2023-12-28,33539.6211
2023-12-29,33464.1719
2024-01-04,33288.2891
2024-01-05,33377.4219
2024-01-09,33763.1797
2024-01-10,34441.7188
2024-01-11,35049.8594
2024-01-12,35577.1094
2024-01-15,35901.7891
2024-01-16,35619.1797
2024-01-17,35477.7500
2024-01-18,35466.1719
2024-01-19,35963.2695
2024-01-22,36546.9492
2024-01-23,36517.5703
2024-01-24,36226.4805
2024-01-25,36236.4688
2024-01-26,35751.0703
2024-01-29,36026.9414
2024-01-30,36065.8594
2024-01-31,36286.7109
2024-02-01,36011.4609
2024-02-02,36158.0195
2024-02-05,36354.1602
2024-02-06,36160.6602
2024-02-07,36119.9219
2024-02-08,36863.2812
2024-02-09,36897.4219
2024-02-13,37963.9688
2024-02-14,37703.3203
2024-02-15,38157.9414
2024-02-16,38487.2383
2024-02-19,38470.3789
2024-02-20,38363.6094
2024-02-21,38262.1602
2024-02-22,39098.6797
2024-02-26,39233.7109
2024-02-27,39239.5195
2024-02-28,39208.0312
2024-02-29,39166.1914
2024-03-01,39910.8203
2024-03-04,40109.2305
2024-03-05,40097.6289
2024-03-06,40090.7812
2024-03-07,39598.7109
2024-03-08,39688.9414
2024-03-11,38820.4883
2024-03-12,38797.5117
2024-03-13,38695.9688
2024-03-14,38807.3789
2024-03-15,38707.6406
2024-03-18,39740.4414
2024-03-19,40003.6016
2024-03-21,40815.6602
2024-03-22,40888.4297
2024-03-25,40414.1211
2024-03-26,40398.0312
2024-03-27,40762.7305
2024-03-28,40168.0703
2024-03-29,40369.4414
2024-04-01,39803.0898
2024-04-02,39838.9102
2024-04-03,39451.8516
2024-04-04,39773.1406
2024-04-05,38992.0781
2024-04-08,39347.0391
2024-04-09,39773.1289
2024-04-10,39581.8086
2024-04-11,39442.6289
2024-04-12,39523.5508
2024-04-15,39232.8008
2024-04-16,38471.1992
2024-04-17,37961.8008
2024-04-18,38079.6992
2024-04-19,37068.3516
2024-04-22,37438.6094
2024-04-23,37552.1602
2024-04-24,38460.0781
2024-04-25,37628.4805
2024-04-26,37934.7617
2024-04-30,38405.6602
2024-05-01,38274.0508
2024-05-02,38236.0703
2024-05-07,38835.1016
2024-05-08,38202.3711
2024-05-09,38073.9805
2024-05-10,38229.1094
2024-05-13,38179.4609
2024-05-14,38356.0586
2024-05-15,38385.7305
2024-05-16,38920.2617
2024-05-17,38787.3789
2024-05-20,39069.6797
2024-05-21,38946.9297
2024-05-22,38617.1016
2024-05-23,39103.2188
2024-05-24,38646.1094
2024-05-27,38900.0195
2024-05-28,38855.3711
2024-05-29,38556.8711
2024-05-30,38054.1289
2024-05-31,38487.8984
2024-06-03,38923.0312
2024-06-04,38837.4609
2024-06-05,38490.1719
2024-06-06,38703.5117
2024-06-07,38683.9297
2024-06-10,39038.1602
2024-06-11,39134.7891
2024-06-12,38876.7109
2024-06-13,38720.4688
2024-06-14,38814.5586
2024-06-17,38102.4414
2024-06-18,38482.1094
2024-06-19,38570.7617
2024-06-20,38633.0195
2024-06-21,38596.4688
2024-06-24,38804.6484
2024-06-25,39173.1484
2024-06-26,39667.0703
2024-06-27,39341.5391
2024-06-28,39583.0781
2024-07-01,39631.0586
2024-07-02,40074.6914
2024-07-03,40580.7617
2024-07-04,40913.6484
2024-07-05,40912.3711
2024-07-08,40780.6992
2024-07-09,41580.1719
2024-07-10,41831.9883
2024-07-11,42224.0195
2024-07-12,41190.6797
2024-07-16,41275.0781
2024-07-17,41097.6914
2024-07-18,40126.3516
2024-07-19,40063.7891
2024-07-22,39599.0000
2024-07-23,39594.3906
2024-07-24,39154.8516
2024-07-25,37869.5117
2024-07-26,37667.4102
2024-07-29,38468.6289
2024-07-30,38525.9492
2024-07-31,39101.8203
2024-08-01,38126.3281
2024-08-02,35909.6992
2024-08-05,31458.4199
2024-08-06,34675.4609
2024-08-07,35089.6211
2024-08-08,34831.1484
2024-08-09,35025.0000
2024-08-13,36232.5117
2024-08-14,36442.4297
2024-08-15,36726.6406
2024-08-16,38062.6719
2024-08-19,37388.6211
2024-08-20,38062.9219
2024-08-21,37951.8008
2024-08-22,38211.0117
2024-08-23,38364.2695
2024-08-26,38110.2188
2024-08-27,38288.6211
2024-08-28,38371.7617
2024-08-29,38362.5312
2024-08-30,38647.7500
2024-09-02,38700.8711
2024-09-03,38686.3086
2024-09-04,37047.6094
2024-09-05,36657.0898
2024-09-06,36391.4688
2024-09-09,36215.7500
2024-09-10,36159.1602
2024-09-11,35619.7695
2024-09-12,36833.2695
2024-09-13,36581.7617
2024-09-17,36203.2188
2024-09-18,36380.1719
2024-09-19,37155.3281
2024-09-20,37723.9102
2024-09-24,37940.5898
2024-09-25,37870.2617
2024-09-26,38925.6289
2024-09-27,39829.5586
2024-09-30,37919.5508
2024-10-01,38651.9688
2024-10-02,37808.7617
2024-10-03,38552.0586
2024-10-04,38635.6211
2024-10-07,39332.7383
2024-10-08,38937.5391
2024-10-09,39277.9609
2024-10-10,39380.8906
2024-10-11,39605.8008
2024-10-15,39910.5508
2024-10-16,39180.3008
2024-10-17,38911.1914
2024-10-18,38981.7500
2024-10-21,38954.6016
2024-10-22,38411.9609
2024-10-23,38104.8594
2024-10-24,38143.2891
2024-10-25,37913.9219
2024-10-28,38605.5312
2024-10-29,38903.6797
2024-10-30,39277.3906
2024-10-31,39081.2500
2024-11-01,38053.6719
2024-11-05,38474.8984
2024-11-06,39480.6719
2024-11-07,39381.4102
2024-11-08,39500.3711
2024-11-11,39533.3203
2024-11-12,39376.0898
2024-11-13,38721.6602
2024-11-14,38535.6992
2024-11-15,38642.9102
2024-11-18,38220.8516
2024-11-19,38414.4297
2024-11-20,38352.3398
2024-11-21,38026.1719
2024-11-22,38283.8516
2024-11-25,38780.1406
2024-11-26,38442.0000
2024-11-27,38134.9688
2024-11-28,38349.0586
2024-11-29,38208.0312
2024-12-02,38513.0195
2024-12-03,39248.8594
2024-12-04,39276.3906
2024-12-05,39395.6016
2024-12-06,39091.1719
2024-12-09,39160.5000
2024-12-10,39367.5781
2024-12-11,39372.2305
2024-12-12,39849.1406
2024-12-13,39470.4414
2024-12-16,39457.4883
2024-12-17,39364.6797
2024-12-18,39081.7109
2024-12-19,38813.5781
2024-12-20,38701.8984
2024-12-23,39161.3398
2024-12-24,39036.8516
2024-12-25,39130.4297
2024-12-26,39568.0586
2024-12-27,40281.1602
2024-12-30,39894.5391
2025-01-06,39307.0508
2025-01-07,40083.3008
2025-01-08,39981.0586
2025-01-09,39605.0898
2025-01-10,39190.3984
2025-01-14,38474.3008
2025-01-15,38444.5781
2025-01-16,38572.6016
2025-01-17,38451.4609
2025-01-20,38902.5000
2025-01-21,39027.9805
2025-01-22,39646.2500
2025-01-23,39958.8711
2025-01-24,39931.9805
2025-01-27,39565.8008
2025-01-28,39016.8711
2025-01-29,39414.7812
2025-01-30,39513.9688
2025-01-31,39572.4883
2025-02-03,38520.0898
2025-02-04,38798.3711
2025-02-05,38831.4805
2025-02-06,39066.5312
2025-02-07,38787.0195
2025-02-10,38801.1719
2025-02-12,38963.6992
2025-02-13,39461.4688
2025-02-14,39149.4297
2025-02-17,39174.2500
2025-02-18,39270.3984
2025-02-19,39164.6094
2025-02-20,38678.0391
2025-02-21,38776.9414
2025-02-25,38237.7891
2025-02-26,38142.3711
2025-02-27,38256.1719
2025-02-28,37155.5000
2025-03-03,37785.4688
2025-03-04,37331.1797
2025-03-05,37418.2383
2025-03-06,37704.9297
2025-03-07,36887.1719
2025-03-10,37028.2695
2025-03-11,36793.1094
2025-03-12,36819.0898
2025-03-13,36790.0312
2025-03-14,37053.1016
2025-03-17,37396.5195
2025-03-18,37845.4219
2025-03-19,37751.8789
2025-03-21,37677.0586
2025-03-24,37608.4883
2025-03-25,37780.5391
2025-03-26,38027.2891
2025-03-27,37799.9688
2025-03-28,37120.3281
2025-03-31,35617.5586
2025-04-01,35624.4805
2025-04-02,35725.8711
2025-04-03,34735.9297
2025-04-04,33780.5781
2025-04-07,31136.5801
2025-04-08,33012.5781
2025-04-09,31714.0293
2025-04-10,34609.0000
2025-04-11,33585.5781
2025-04-14,33982.3594
2025-04-15,34267.5391
2025-04-16,33920.3984
2025-04-17,34377.6016
2025-04-18,34730.2812
2025-04-21,34279.9219
2025-04-22,34220.6016
2025-04-23,34868.6289
2025-04-24,35039.1484
2025-04-25,35705.7383
2025-04-28,35839.9883
2025-04-30,36045.3789
2025-05-01,36452.3008
2025-05-02,36830.6914
2025-05-07,36779.6602
2025-05-08,36928.6289
2025-05-09,37503.3281
2025-05-12,37644.2617
2025-05-13,38183.2617
2025-05-14,38128.1289
2025-05-15,37755.5117
2025-05-16,37753.7188
2025-05-19,37498.6289
2025-05-20,37529.4883
2025-05-21,37298.9805
2025-05-22,36985.8711
2025-05-23,37160.4688
2025-05-26,37531.5312
2025-05-27,37724.1094
2025-05-28,37722.3984
2025-05-29,38432.9805
2025-05-30,37965.1016
2025-06-02,37470.6719
2025-06-03,37446.8086
2025-06-04,37747.4492
2025-06-05,37554.4883
2025-06-06,37741.6094
2025-06-09,38088.5703
2025-06-10,38211.5117
2025-06-11,38421.1914
2025-06-12,38173.0898
2025-06-13,37834.2500
2025-06-16,38311.3281
2025-06-17,38536.7383
2025-06-18,38885.1484
2025-06-19,38488.3398
2025-06-20,38403.2305
2025-06-23,38354.0898
2025-06-24,38790.5586
2025-06-25,38942.0703
2025-06-26,39584.5781
2025-06-27,40150.7891
2025-06-30,40487.3906
2025-07-01,39986.3281
2025-07-02,39762.4805
2025-07-03,39785.8984
2025-07-04,39810.8789
2025-07-07,39587.6797
2025-07-08,39688.8086
2025-07-09,39821.2812
2025-07-10,39646.3594
2025-07-11,39569.6797
2025-07-14,39459.6211
2025-07-15,39678.0195
2025-07-16,39663.3984
2025-07-17,39901.1914
2025-07-18,39819.1094
2025-07-22,39774.9219
2025-07-23,41171.3203
2025-07-24,41826.3398
2025-07-25,41456.2305
2025-07-28,40998.2695
2025-07-29,40674.5508
2025-07-30,40654.6992
2025-07-31,41069.8203
2025-08-01,40799.6016
2025-08-04,40290.6992
2025-08-05,40549.5391
2025-08-06,40794.8594
2025-08-07,41059.1484
2025-08-08,41820.4805
2025-08-12,42718.1719
2025-08-13,43274.6719
2025-08-14,42649.2617
2025-08-15,43378.3086
2025-08-18,43714.3086
2025-08-19,43546.2891
2025-08-20,42888.5508
2025-08-21,42610.1719
2025-08-22,42633.2891
2025-08-25,42807.8203
2025-08-26,42394.3984
2025-08-27,42520.2695
2025-08-28,42828.7891
2025-08-29,42718.4688
2025-09-01,42188.7891
2025-09-02,42310.4883
2025-09-03,41938.8906
2025-09-04,42580.2695
2025-09-05,43018.7500
2025-09-08,43643.8086
2025-09-09,43459.2891
2025-09-10,43837.6719
2025-09-11,44372.5000
2025-09-12,44768.1211
2025-09-16,44902.2695
2025-09-17,44790.3789
2025-09-18,45303.4297
2025-09-19,45045.8086
2025-09-22,45493.6602
2025-09-24,45630.3086
2025-09-25,45754.9297
2025-09-26,45354.9883
2025-09-29,45043.7500
2025-09-30,44932.6289
2025-10-01,44550.8516
2025-10-02,44936.7305
2025-10-03,45769.5000
2025-10-06,47944.7617
2025-10-07,47950.8789
2025-10-08,47734.9883
2025-10-09,48580.4414
2025-10-10,48088.8008
2025-10-14,46847.3203
2025-10-15,47672.6719
2025-10-16,48277.7383
2025-10-17,47582.1484
2025-10-20,49185.5000
2025-10-21,49316.0586
2025-10-22,49307.7891
2025-10-23,48641.6094
2025-10-24,49299.6484
2025-10-27,50512.3203
2025-10-28,50219.1797
2025-10-29,51307.6484
2025-10-30,51325.6094
2025-10-31,52411.3398
2025-11-04,51497.1992
2025-11-05,50212.2695
2025-11-06,50883.6797
2025-11-07,50276.3711
2025-11-10,50911.7617
2025-11-11,50842.9297
2025-11-12,51063.3086
2025-11-13,51281.8281
2025-11-14,50376.5312
2025-11-17,50323.9102
2025-11-18,48702.9805
2025-11-19,48537.6992
2025-11-20,49823.9414
2025-11-21,48625.8789
2025-11-25,48659.5195
2025-11-26,49559.0703
2025-11-27,50167.1016
2025-11-28,50253.9102
2025-12-01,49303.2812
2025-12-02,49303.4492
2025-12-03,49864.6797
2025-12-04,51028.4219
2025-12-05,50491.8711
2025-12-08,50581.9414
2025-12-09,50655.1016
2025-12-10,50602.8008
2025-12-11,50148.8203
2025-12-12,50836.5508
2025-12-15,50168.1094
2025-12-16,49383.2891
2025-12-17,49512.2812
2025-12-18,49001.5000
2025-12-19,49507.2109
2025-12-22,50402.3906
2025-12-23,50412.8711
2025-12-24,50344.1016
2025-12-25,50407.7891
2025-12-26,50750.3906
2025-12-29,50526.9219
2025-12-30,50339.4805
2026-01-05,51832.8008
2026-01-06,52518.0781
2026-01-07,51961.9805
2026-01-08,51117.2617
2026-01-09,51939.8906
2026-01-13,53549.1602
2026-01-14,54341.2305
2026-01-15,54110.5000
2026-01-16,53936.1719
2026-01-19,53583.5703
2026-01-20,52991.1016
2026-01-21,52774.6406
2026-01-22,53688.8906
2026-01-23,53846.8711
2026-01-26,52885.2500
2026-01-27,53333.5391
2026-01-28,53358.7109
2026-01-29,53375.6016
2026-01-30,53322.8516
2026-02-02,52655.1797
2026-02-03,54720.6602
2026-02-04,54293.3594
2026-02-05,53818.0391
2026-02-06,54253.6797
2026-02-09,56363.9414
2026-02-10,57650.5391
2026-02-12,57639.8398
2026-02-13,56941.9688
2026-02-16,56806.4102
2026-02-17,56566.4883
2026-02-18,57143.8398
2026-02-19,57467.8281
2026-02-20,56825.6992
2026-02-24,57321.0898
2026-02-25,58583.1211
2026-02-26,58753.3906
2026-02-27,58850.2695
2026-03-02,58057.2383
2026-03-03,56279.0508
2026-03-04,54245.5391
2026-03-05,55278.0586
2026-03-06,55620.8398
2026-03-09,52728.7188
2026-03-10,54248.3906
2026-03-11,55025.3711
2026-03-12,54452.9609
2026-03-13,53819.6094
2026-03-16,53751.1484
2026-03-17,53700.3906
2026-03-18,55239.3984
2026-03-19,53372.5312
2026-03-23,51515.4883
2026-03-24,52252.2812
2026-03-25,53749.6211
2026-03-26,53603.6484
2026-03-27,53373.0703
2026-03-30,51885.8516
2026-03-31,51063.7188
2026-04-01,53739.6797
2026-04-02,52463.2695
2026-04-03,53123.4883
2026-04-06,53413.6797
2026-04-07,53429.5586
2026-04-08,56308.4219
2026-04-09,55895.3203
2026-04-10,56924.1094
2026-04-13,56502.7695
2026-04-14,57877.3906
2026-04-15,58134.2383
2026-04-16,59518.3398
2026-04-17,58475.8984
2026-04-20,58824.8906
2026-04-21,59349.1719
2026-04-22,59585.8594
2026-04-23,59140.2305
2026-04-24,59716.1797
2026-04-27,60537.3594
2026-04-28,59917.4609
2026-04-30,59284.9219
2026-05-01,59513.1211
2026-05-07,62833.8398
2026-05-08,62713.6484
2026-05-11,62417.8789
2026-05-12,62742.5703
2026-05-13,63272.1094
2026-05-14,62654.0508
2026-05-15,61409.2891
2026-05-18,60815.9492
2026-05-19,60550.5898
2026-05-20,59804.4102
2026-05-21,61684.1406
2026-05-22,63339.0703
2026-05-25,65158.1914
2026-05-26,64996.0898
2026-05-27,64999.4102
2026-05-28,64693.1211
2026-05-29,66329.5000
2026-06-01,66934.3281
2026-06-02,66734.2422
2026-06-03,68402.1328
2026-06-04,67470.6875
2026-06-05,66588.1172
2026-06-08,64024.6016
2026-06-09,65416.6289
2026-06-10,64179.2695
2026-06-11,64217.2695
2026-06-12,66020.0391
2026-06-15,69317.5000
2026-06-16,69404.5000
2026-06-17,69902.2500
2026-06-18,71053.4922
2026-06-19,71250.0625
2026-06-22,72353.9609
2026-06-23,69788.3828
2026-06-24,69174.9688
2026-06-25,72366.3438
2026-06-26,69360.8828
2026-06-29,69468.1094
2026-06-30,70062.3203
2026-07-01,70474.9609
2026-07-02,68733.1484
2026-07-03,69744.0703
2026-07-06,69737.6875
2026-07-07,68256.9609
2026-07-08,66819.0469
2026-07-09,67743.8516
2026-07-10,68557.7266
2026-07-13,67242.7266
2026-07-14,67743.5000
2026-07-15,68751.5078
2026-07-16,66835.5391
2026-07-17,64141.1211
2026-07-21,66232.1875
2026-07-22,66115.6016
2026-07-23,66422.6016
2026-07-24,64611.1484
2026-07-27,64931.1914
2026-07-28,62364.9219
2026-07-29,61434.1914
2026-07-30,61867.4297
2026-07-31,64362.0195
2026-08-03,63754.8984
2026-08-04,63957.5312
2026-08-05,66300.4375
2026-08-06,65683.2578
2026-08-07,65606.7109
2026-08-10,66970.2188
2026-08-12,67524.0625
2026-08-13,68308.5938
2026-08-14,68713.7969
2026-08-17,69220.2500
2026-08-18,67460.7266
2026-08-19,65326.4219
2026-08-20,66216.7891
2026-08-21,66016.3594
2026-08-24,65528.0898
